-----INSERT DATA INTO COUNTRY-----
insert into country(country_name) values('Viet Nam');
insert into country(country_name) values('Campuchia');
insert into country(country_name) values('Laos');
insert into country(country_name) values('Japan');
insert into country(country_name) values('Singapore');
insert into country(country_name) values('Germany');
insert into country(country_name) values('Italy');
insert into country(country_name) values('France');
insert into country(country_name) values('Canada');
insert into country(country_name) values('Spain');
insert into country(country_name) values('Mongolia');
insert into country(country_name) values('India');
insert into country(country_name) values('Russia');
insert into country(country_name) values('Greece');
insert into country(country_name) values('Egypt');
insert into country(country_name) values('Turkey');
insert into country(country_name) values('Brazil');
insert into country(country_name) values('Switzerland');
insert into country(country_name) values('China');
insert into country(country_name) values('Korea');





-----INSERT DATA INTO CITY-----
insert into city(city_name, country_name) values ('Ho Chi Minh','Viet Nam');
insert into city(city_name, country_name) values ('Ha Noi','Viet Nam');
insert into city(city_name, country_name) values ('Da Nang','Viet Nam');
insert into city(city_name, country_name) values ('Tokyo','Japan');
insert into city(city_name, country_name) values ('Kyoto','Japan');
insert into city(city_name, country_name) values ('Berlin','Germany');
insert into city(city_name, country_name) values ('Venice','Italy');
insert into city(city_name, country_name) values ('Paris','France');
insert into city(city_name, country_name) values ('Ottawa','Canada');
insert into city(city_name, country_name) values ('Madrid','Spain');
insert into city(city_name, country_name) values ('Ulaanbaatar','Mongolia');
insert into city(city_name, country_name) values ('New Delhi','India');
insert into city(city_name, country_name) values ('Moscow','Russia');
insert into city(city_name, country_name) values ('Athens','Greece');
insert into city(city_name, country_name) values ('Cairo','Egypt');
insert into city(city_name, country_name) values ('Istanbul','Turkey');
insert into city(city_name, country_name) values ('Brasília','Brazil');
insert into city(city_name, country_name) values ('Bern','Switzerland');
insert into city(city_name, country_name) values ('Beijing','China');
insert into city(city_name, country_name) values ('Seoul','Korea');






-----INSERT DATA INTO DISTRICT-----
insert into district (district_name, city_name) values ('Quan 1','Ho Chi Minh');
insert into district (district_name, city_name) values  ('Quan 2','Ho Chi Minh');
insert into district (district_name, city_name) values  ('Quan 3','Ho Chi Minh');
insert into district (district_name, city_name) values  ('Quan 4','Ho Chi Minh');
insert into district (district_name, city_name) values  ('Quan 5','Ho Chi Minh');
insert into district (district_name, city_name) values  ('Quan 6','Ho Chi Minh');
insert into district (district_name, city_name) values  ('Quan 7','Ho Chi Minh');
insert into district (district_name, city_name) values  ('Quan 8','Ho Chi Minh');
insert into district (district_name, city_name) values  ('Quan 9','Ho Chi Minh');
insert into district (district_name, city_name) values  ('Quan 10','Ho Chi Minh');
insert into district (district_name, city_name) values  ('Quan 11','Ho Chi Minh');
insert into district (district_name, city_name) values  ('Quan 12','Ho Chi Minh');
insert into district (district_name, city_name) values  ('Quan Binh Thanh','Ho Chi Minh');
insert into district (district_name, city_name) values  ('Quan Go Vap','Ho Chi Minh');
insert into district (district_name, city_name) values  ('Quan Phu Nhuan','Ho Chi Minh');
insert into district (district_name, city_name) values  ('Quan Tan Phu','Ho Chi Minh');
insert into district (district_name, city_name) values  ('Quan Binh Tan','Ho Chi Minh');
insert into district (district_name, city_name) values  ('Quan Tan Binh','Ho Chi Minh');
insert into district (district_name, city_name) values  ('Shibuya','Tokyo');
insert into district (district_name, city_name) values  ('Shinjuku','Tokyo');





-----INSERT DATA INTO food_brand -----
insert into food_brand(food_brand) values ('Ut Ut');
insert into food_brand(food_brand) values ('CoCo Ichibanya');
insert into food_brand(food_brand) values ('Chickita');
insert into food_brand(food_brand) values ('Hoang Ty');
insert into food_brand(food_brand) values ('Hua Wu Lou');
insert into food_brand(food_brand) values ('Kowloon Bingsutt');





-----INSERT DATA INTO RESTAURANT-----
INSERT INTO restaurant (restaurant_name, district_name, restaurant_address, food_brand_name, description, telephone_number, open_hour, closing_hour) VALUES ('Ut Huong', 'Quan 1', 'TK 18/1 Nguyen Canh Chan', null, 'Quán ăn có tuổi đời hơn 10 năm với thực đơn đa dạng từ các món cơm đến mì, hủ tiếu, bò né', '02838372459', '10:00', '23:00);');
INSERT INTO restaurant (restaurant_name, district_name, restaurant_address, food_brand_name, description, telephone_number, open_hour, closing_hour) VALUES ('Ut Ut', 'Quan 1', '168 Vo Van Kiet', 'Ut Ut', 'Là quán nướng kiếu Mỹ, cộng với không khí náo nhiệt, Ụt Ụt là nơi lý tưởng để tận hưởng một buổi tối cuối tuần với bạn bè,', '02838392240', '10:00', '22:00);');
INSERT INTO restaurant (restaurant_name, district_name, restaurant_address, food_brand_name, description, telephone_number, open_hour, closing_hour) VALUES ('Banh mi Bui Thi Xuan', 'Quan 1', '122E Bui Thi Xuan', null, null, '02862719997', '05:30', '01:00);');
INSERT INTO restaurant (restaurant_name, district_name, restaurant_address, food_brand_name, description, telephone_number, open_hour, closing_hour) VALUES ('Banh mi Ba Huynh', 'Quan 1', '185K Cong Quynh', null, 'Được tách ra từ thương hiệu bánh mì Huynh Hoa nổi tiếng, bánh Mì Bà Huynh vẫn giữ được và tiếp tục phát triển được dấu ấn của mình', '19000322', '06:00', '21:00);');
INSERT INTO restaurant (restaurant_name, district_name, restaurant_address, food_brand_name, description, telephone_number, open_hour, closing_hour) VALUES ('EDDIES NEW YORK DELI & D1NER', 'Quan 1', '73 Pasteur', null, 'Quán ăn mang phong cách những năm 1950 và chuyên phục vụ những món ăn Mỹ kinh điển', '02822122389', '08:00', '22:00);');
INSERT INTO restaurant (restaurant_name, district_name, restaurant_address, food_brand_name, description, telephone_number, open_hour, closing_hour) VALUES ('Secret Garden', 'Quan 1', '158 Pasteur', null, 'Bài trí theo phong cách Sài Gòn trước năm 2000, Secret Garden chuyên phục vụ những món ăn thuần túy Việt Nam', '909904621', '11:00', '22:00);');
INSERT INTO restaurant (restaurant_name, district_name, restaurant_address, food_brand_name, description, telephone_number, open_hour, closing_hour) VALUES ('Nguyen Sinh', 'Quan 1', '141 Tran Dinh Xu', null, 'Bắt đầu từ một cửa hàng bán pate, thịt nguội, Nguyên Sinh nay còn phục vụ thêm những món ăn phong cách Âu', '988575754', '06:00', '21:00);');
INSERT INTO restaurant (restaurant_name, district_name, restaurant_address, food_brand_name, description, telephone_number, open_hour, closing_hour) VALUES ('Banh mi Bui Thi Xuan', 'Quan 1', '122E Bui Thi Xuan', null, null, '02862719997', '05:30', '01:00);');
INSERT INTO restaurant (restaurant_name, district_name, restaurant_address, food_brand_name, description, telephone_number, open_hour, closing_hour) VALUES ('Pizza Logic', 'Quan 1', '44 Le Loi', null, 'Pizza ngon không chỉ có ở nước Ý, mà còn ở Nhật Bản. Và Pizza Logic là nơi bạn có thể trải nghiệm Pizza phong cách Nhật', '0902880822', '10:00', '22:00);');
INSERT INTO restaurant (restaurant_name, district_name, restaurant_address, food_brand_name, description, telephone_number, open_hour, closing_hour) VALUES ('Pho Phu Vuong', 'Quan 1', '120 Nguyen Thai Binh', null, null, '0931959696', '06:00', '21:30);');
INSERT INTO restaurant (restaurant_name, district_name, restaurant_address, food_brand_name, description, telephone_number, open_hour, closing_hour) VALUES ('Bun cha Ha Noi Quan', 'Quan 1', '86 Truong Dinh', null, null, '0945913290', '07:00', '20:30);');
INSERT INTO restaurant (restaurant_name, district_name, restaurant_address, food_brand_name, description, telephone_number, open_hour, closing_hour) VALUES ('Bun moc Thanh Mai', 'Quan 1', '14 Truong Dinh', null, null, null, '05:30', '14:30);');
INSERT INTO restaurant (restaurant_name, district_name, restaurant_address, food_brand_name, description, telephone_number, open_hour, closing_hour) VALUES ('Okonomiyaki Shu', 'Quan 1', '15B11 Le Thanh Ton', null, 'Quán ăn khá nhỏ, bù lại nơi đây đem lại một trải nghiệm quán ăn phong cách Nhật', '02838243403', '10:30', '02:00);');
INSERT INTO restaurant (restaurant_name, district_name, restaurant_address, food_brand_name, description, telephone_number, open_hour, closing_hour) VALUES ('CoCo Ichibanya', 'Quan 1', '13 Ly Tu Trong', 'CoCo Ichibanya', 'Thuộc chuỗi nhà hàng cà ri Nhật Bản lớn nhất thế giới', '02873099926', '10:00', '21:00);');
INSERT INTO restaurant (restaurant_name, district_name, restaurant_address, food_brand_name, description, telephone_number, open_hour, closing_hour) VALUES ('CoCo Ichibanya', 'Quan 1', '256 Le Thanh Ton', 'CoCo Ichibanya', 'Thuộc chuỗi nhà hàng cà ri Nhật Bản lớn nhất thế giới', '0901854647', '10:00', '21:00);');
INSERT INTO restaurant (restaurant_name, district_name, restaurant_address, food_brand_name, description, telephone_number, open_hour, closing_hour) VALUES ('Bun bo Ma Oi', 'Quan 1', 'A68 Nguyen Trai', null, 'Quán bún bò mang đậm phong cách Huế và được bán bởi chính người Huế', '0908085713', '07:00', '20:00);');
INSERT INTO restaurant (restaurant_name, district_name, restaurant_address, food_brand_name, description, telephone_number, open_hour, closing_hour) VALUES ('Bun thit nuong Chi Ngoc', 'Quan 1', 'hem 120 Tran Hung Dao', null, null, null, '16:00', '21:00);');
INSERT INTO restaurant (restaurant_name, district_name, restaurant_address, food_brand_name, description, telephone_number, open_hour, closing_hour) VALUES ('Bun thit nuong Chi Tuyen', 'Quan 1', '175C Co Giang', null, null, '0908538079', '06:00', '21:00);');
INSERT INTO restaurant (restaurant_name, district_name, restaurant_address, food_brand_name, description, telephone_number, open_hour, closing_hour) VALUES ('Hu tieu mi Tau Phat Ky', 'Quan 1', '176Bis Co Giang', null, 'Chiếc xe gỗ từ lúc mở tới giờ đã 40 năm vẫn không thay đổi, gỗ đã hơi sờn, gương đã bay chút màu nhưng hương thơm của các tô mì qua các đời chủ vẫn không đổi', '02839205795', '11:00', '22:30);');
INSERT INTO restaurant (restaurant_name, district_name, restaurant_address, food_brand_name, description, telephone_number, open_hour, closing_hour) VALUES ('Ngon Restaurant', 'Quan 1', '160 Pasteur', null, 'Từ cách bài trí cho đến món ăn, Ngon Restaurant là nơi tuyệt vời để trải nghiệm những tinh túy của đất Việt Nam', '02838277131', '08:00', '22:30);');
INSERT INTO restaurant (restaurant_name, district_name, restaurant_address, food_brand_name, description, telephone_number, open_hour, closing_hour) VALUES ('Mi Ramen Choi Oi', 'Quan 1', '15B/25 Le Thanh Ton', null, null, '0938053681', '11:00', '03:00);');
INSERT INTO restaurant (restaurant_name, district_name, restaurant_address, food_brand_name, description, telephone_number, open_hour, closing_hour) VALUES ('Pho Anh', 'Quan 1', 'Hem 35 Tran Dinh Xu', null, null, null, '06:30', '12:00);');
INSERT INTO restaurant (restaurant_name, district_name, restaurant_address, food_brand_name, description, telephone_number, open_hour, closing_hour) VALUES ('Banh mi Hong Hoa', 'Quan 1', '52-54 Tran Dinh Xu', null, 'Tuy không hút khách như bánh mì Huynh Hoa nổi tiếng, nhưng những gì Hồng Hoa đem lại tuyệt nhiên không hề thua kém', '0908811594', '05:00', '23:00);');
INSERT INTO restaurant (restaurant_name, district_name, restaurant_address, food_brand_name, description, telephone_number, open_hour, closing_hour) VALUES ('Chickita', 'Quan 1', '94 Ho Tung Mau', 'Chickita', 'Được ấp ủ bới một đầu bếp người Úc, Chickita nay', '0906733559', '10:00', '22:00);');
INSERT INTO restaurant (restaurant_name, district_name, restaurant_address, food_brand_name, description, telephone_number, open_hour, closing_hour) VALUES ('CCCP Restaurant', 'Quan 1', '48A Nguyen Binh Khiem', null, 'Nếu bạn muốn trải nghiệm nền ẩm thực Nga và Ukraine, CCCP sẽ là nơi phù hợp nhất dành cho bạn', '0833338915', '10:00', '22:00);');
INSERT INTO restaurant (restaurant_name, district_name, restaurant_address, food_brand_name, description, telephone_number, open_hour, closing_hour) VALUES ('Banh cuon Tay Ho', 'Quan 1', '127 Dinh Tien Hoang', null, null, null, '07:00', '23:00);');
INSERT INTO restaurant (restaurant_name, district_name, restaurant_address, food_brand_name, description, telephone_number, open_hour, closing_hour) VALUES ('Bun thit nuong  & goi cuon Co Nga', 'Quan 1', 'TK 18/10 Nguyen Canh Chan', null, null, null, '06:30', '13:30);');
INSERT INTO restaurant (restaurant_name, district_name, restaurant_address, food_brand_name, description, telephone_number, open_hour, closing_hour) VALUES ('Mi sui cao Buu Ky', 'Quan 3', '339/36B Le Van Sy', null, 'Quán mì với điểm nhấn là những viên sủi cảo nhân nhân với thịt và tôm', '0932784278', '07:30', '20:00);');
INSERT INTO restaurant (restaurant_name, district_name, restaurant_address, food_brand_name, description, telephone_number, open_hour, closing_hour) VALUES ('Pho mien ga Ky Dong', 'Quan 3', '14/5Bis Ky Dong', null, '50 năm trước, có một xe bán phở dạo nổi tiếng khắp quận 3. Và bây giờ chiếc xe đó đã thành một quán ăn lớn nổi tiếng', '02838435630', '05:00', '23:30);');
INSERT INTO restaurant (restaurant_name, district_name, restaurant_address, food_brand_name, description, telephone_number, open_hour, closing_hour) VALUES ('Bun oc rieu cua Thanh Hai', 'Quan 3', '14/12 Ky Dong', null, null, '02838435785', '07:00', '20:30);');
INSERT INTO restaurant (restaurant_name, district_name, restaurant_address, food_brand_name, description, telephone_number, open_hour, closing_hour) VALUES ('Lau bo Nha Go', 'Quan 3', '162 Ly Thai To', null, null, '0763810810', '10:00', '23:00);');
INSERT INTO restaurant (restaurant_name, district_name, restaurant_address, food_brand_name, description, telephone_number, open_hour, closing_hour) VALUES ('Bit tet Luc Nguyen', 'Quan 3', '127 Cach Mang Thang 8', null, null, '02866731761', '10:00', '22:00);');
INSERT INTO restaurant (restaurant_name, district_name, restaurant_address, food_brand_name, description, telephone_number, open_hour, closing_hour) VALUES ('Bo vien Truong Thanh', 'Quan 3', '145/6 Nguyen Thien Thuat', null, null, '02838395457', '15:00', '23:00);');
INSERT INTO restaurant (restaurant_name, district_name, restaurant_address, food_brand_name, description, telephone_number, open_hour, closing_hour) VALUES ('Banh trang Trang Bang Hoang Ty', 'Quan 3', '72 Vo Van Tan', 'Hoang Ty', 'Mỗi khi nhắc đến Hoàng Ty là nhớ đến bánh canh Trảng Bàng, là nhớ đến bánh tráng phơi sương,', '0914828171', '09:00', '22:00);');
INSERT INTO restaurant (restaurant_name, district_name, restaurant_address, food_brand_name, description, telephone_number, open_hour, closing_hour) VALUES ('Banh cuon Hai Nam', 'Quan 3', '11A Cao Thang', null, null, '02838393394', '06:30', '22:00);');
INSERT INTO restaurant (restaurant_name, district_name, restaurant_address, food_brand_name, description, telephone_number, open_hour, closing_hour) VALUES ('Dimsum Hua Wu Lou', 'Quan 3', '27C Ban Co', 'Hua Wu Lou', 'Nhà hàng tuy nhỏ nhưng bù lại chất lượng món ăn là rất tốt', '0916163610', '08:00', '22:00);');
INSERT INTO restaurant (restaurant_name, district_name, restaurant_address, food_brand_name, description, telephone_number, open_hour, closing_hour) VALUES ('Bun bo hue Song Anh', 'Quan 3', '28A Ban Co', null, null, '0908406228', '06:00', '22:00);');
INSERT INTO restaurant (restaurant_name, district_name, restaurant_address, food_brand_name, description, telephone_number, open_hour, closing_hour) VALUES ('Banh trang cuon Ba Bac', 'Quan 4', '40 duong so 11', null, null, '02839402318', '09:00', '22:30);');
INSERT INTO restaurant (restaurant_name, district_name, restaurant_address, food_brand_name, description, telephone_number, open_hour, closing_hour) VALUES ('Hu tieu My Tho Di 9', 'Quan 4', '538/51 Doan Van Bo', null, null, '0933309290', '14:00', '23:00);');
INSERT INTO restaurant (restaurant_name, district_name, restaurant_address, food_brand_name, description, telephone_number, open_hour, closing_hour) VALUES ('Kowloon Bingsutt', 'Quan 5', '74-76 Bui Huu Nghia', 'Kowloon Bingsutt', 'Quán ăn nhỏ, nhưng rất ngăn nắp sạch sẽ và trên hết là chất lượng đồ ăn không thể chê được', '0938276864', '07:00', '22:00);');
INSERT INTO restaurant (restaurant_name, district_name, restaurant_address, food_brand_name, description, telephone_number, open_hour, closing_hour) VALUES ('Com tam 449', 'Quan 5', '449 An Duong Vuong', null, null, '02838399245', '07:00', '21:00);');
INSERT INTO restaurant (restaurant_name, district_name, restaurant_address, food_brand_name, description, telephone_number, open_hour, closing_hour) VALUES ('Banh mi', 'Quan 5', 'Nga tu An Duong Vuong & Le Hong Phong', null, 'Một xe bánh mì nho nhỏ ở góc ngã tư, nhưng chiếc xe bánh mì này đã tồn tại gần 20 năm', null, '17:00', '02:00);');
INSERT INTO restaurant (restaurant_name, district_name, restaurant_address, food_brand_name, description, telephone_number, open_hour, closing_hour) VALUES ('Chao muc', 'Quan 5', '175 Tran Binh Trong', null, null, '0932174831', '11:00', '21:00);');
INSERT INTO restaurant (restaurant_name, district_name, restaurant_address, food_brand_name, description, telephone_number, open_hour, closing_hour) VALUES ('Com tam dem', 'Quan 5', '185 Tran Binh Trong', null, null, null, '18:00', '22:00);');
INSERT INTO restaurant (restaurant_name, district_name, restaurant_address, food_brand_name, description, telephone_number, open_hour, closing_hour) VALUES ('Hai Ky mi gia', 'Quan 5', '349-351 Nguyen Trai', null, 'Ra đời từ năm 1976, Hải Ký phục vụ mì vịt tiềm nhưng phong cách khác với món gà tiềm thuốc Bắc', '0834838288', '11:00', '00:00);');
INSERT INTO restaurant (restaurant_name, district_name, restaurant_address, food_brand_name, description, telephone_number, open_hour, closing_hour) VALUES ('Vit quay Phat Thanh', 'Quan 5', '524 Phan Van Tri', null, 'Từ một cửa hàng nhỏ ở quận 5, Phát Thành nay đã thành thương hiệu nổi tiếng với tuổi đời hơn 50 năm', '0283838888', '06:00', '21:00);');
INSERT INTO restaurant (restaurant_name, district_name, restaurant_address, food_brand_name, description, telephone_number, open_hour, closing_hour) VALUES ('Vit quay tieu da gion Tran Quang Ky', 'Quan 5', '390-392 Tran Phu', null, 'Cũng là vịt quay, nhưng mà là vịt quay tiêu da giòn, với hương vị, trải nghiệm khác so với vịt quay thông thường', '0937646736', '06:00', '20:30);');
INSERT INTO restaurant (restaurant_name, district_name, restaurant_address, food_brand_name, description, telephone_number, open_hour, closing_hour) VALUES ('Hu tieu My Phuong', 'Quan 5', '172 Tran Binh Trong', null, null, null, '06:30', '22:00);');
INSERT INTO restaurant (restaurant_name, district_name, restaurant_address, food_brand_name, description, telephone_number, open_hour, closing_hour) VALUES ('Mi bo A Mao', 'Quan 5', '80 Le Hong Phong', null, 'Quán phục vụ món mì Đài Loan, tuy rất đơn giản nhưng lại có một mùi hương thu hút rất nhiều thực khách', '0703259681', '15:00', '21:00);');




-----INSERT DATA INTO DISH_CATEGORY-----
INSERT INTO dish_category (dish_category) VALUES ('Com');
INSERT INTO dish_category (dish_category) VALUES ('Com tam');
INSERT INTO dish_category (dish_category) VALUES ('Mi, bun, hu tieu, chao');
INSERT INTO dish_category (dish_category) VALUES ('An vat');
INSERT INTO dish_category (dish_category) VALUES ('Banh mi');
INSERT INTO dish_category (dish_category) VALUES ('Pho');
INSERT INTO dish_category (dish_category) VALUES ('Bun bo');
INSERT INTO dish_category (dish_category) VALUES ('Lau');
INSERT INTO dish_category (dish_category) VALUES ('Sushi');
INSERT INTO dish_category (dish_category) VALUES ('Dimsum');
INSERT INTO dish_category (dish_category) VALUES ('BBQ');
INSERT INTO dish_category (dish_category) VALUES ('Steak');
INSERT INTO dish_category (dish_category) VALUES ('Cuon');
INSERT INTO dish_category (dish_category) VALUES ('Pizza');
INSERT INTO dish_category (dish_category) VALUES ('Ga');
INSERT INTO dish_category (dish_category) VALUES ('Burger');
INSERT INTO dish_category (dish_category) VALUES ('Mi Y');
INSERT INTO dish_category (dish_category) VALUES ('Soup');
INSERT INTO dish_category (dish_category) VALUES ('Thit');
INSERT INTO dish_category (dish_category) VALUES ('Mon Thai');
INSERT INTO dish_category (dish_category) VALUES ('Mon Tau');
INSERT INTO dish_category (dish_category) VALUES ('Mon Au');
INSERT INTO dish_category (dish_category) VALUES ('Mon Han');
INSERT INTO dish_category (dish_category) VALUES ('Mon Nhat');
INSERT INTO dish_category (dish_category) VALUES ('Other');





-----INSERT DATA INTO MENU-----
INSERT INTO menu (restaurant_id,dish_category,starting_price,ending_price,ingredients,description) VALUES (1,1,45000.00,90000.00,'Lorem ipsum dolor sit amet, consectetur adipiscing elit, sed do eiusmod tempor incididunt ut labore et dolore magna aliqua','Lorem ipsum dolor sit amet, consectetur adipiscing elit, sed do eiusmod tempor incididunt ut labore et dolore magna aliqua. Ut enim ad minim veniam, quis nostrud exercitation ullamco laboris nisi ut aliquip ex ea commodo consequat. Duis aute irure dolor in reprehenderit in voluptate velit esse cillum dolore eu fugiat nulla pariatur. Excepteur sint occaecat cupidatat non proident, sunt in culpa qui officia deserunt mollit anim id est laborum.');
INSERT INTO menu (restaurant_id,dish_category,starting_price,ending_price,ingredients,description) VALUES (1,3,45000.00,90000.00,'Lorem ipsum dolor sit amet, consectetur adipiscing elit, sed do eiusmod tempor incididunt ut labore et dolore magna aliqua','Lorem ipsum dolor sit amet, consectetur adipiscing elit, sed do eiusmod tempor incididunt ut labore et dolore magna aliqua. Ut enim ad minim veniam, quis nostrud exercitation ullamco laboris nisi ut aliquip ex ea commodo consequat. Duis aute irure dolor in reprehenderit in voluptate velit esse cillum dolore eu fugiat nulla pariatur. Excepteur sint occaecat cupidatat non proident, sunt in culpa qui officia deserunt mollit anim id est laborum.');
INSERT INTO menu (restaurant_id,dish_category,starting_price,ending_price,ingredients,description) VALUES (1,4,45000.00,90000.00,'Lorem ipsum dolor sit amet, consectetur adipiscing elit, sed do eiusmod tempor incididunt ut labore et dolore magna aliqua','Lorem ipsum dolor sit amet, consectetur adipiscing elit, sed do eiusmod tempor incididunt ut labore et dolore magna aliqua. Ut enim ad minim veniam, quis nostrud exercitation ullamco laboris nisi ut aliquip ex ea commodo consequat. Duis aute irure dolor in reprehenderit in voluptate velit esse cillum dolore eu fugiat nulla pariatur. Excepteur sint occaecat cupidatat non proident, sunt in culpa qui officia deserunt mollit anim id est laborum.');
INSERT INTO menu (restaurant_id,dish_category,starting_price,ending_price,ingredients,description) VALUES (1,6,40000.00,70000.00,'Lorem ipsum dolor sit amet, consectetur adipiscing elit, sed do eiusmod tempor incididunt ut labore et dolore magna aliqua','Lorem ipsum dolor sit amet, consectetur adipiscing elit, sed do eiusmod tempor incididunt ut labore et dolore magna aliqua. Ut enim ad minim veniam, quis nostrud exercitation ullamco laboris nisi ut aliquip ex ea commodo consequat. Duis aute irure dolor in reprehenderit in voluptate velit esse cillum dolore eu fugiat nulla pariatur. Excepteur sint occaecat cupidatat non proident, sunt in culpa qui officia deserunt mollit anim id est laborum.');
INSERT INTO menu (restaurant_id,dish_category,starting_price,ending_price,ingredients,description) VALUES (1,7,30000.00,45000.00,'Lorem ipsum dolor sit amet, consectetur adipiscing elit, sed do eiusmod tempor incididunt ut labore et dolore magna aliqua','Lorem ipsum dolor sit amet, consectetur adipiscing elit, sed do eiusmod tempor incididunt ut labore et dolore magna aliqua. Ut enim ad minim veniam, quis nostrud exercitation ullamco laboris nisi ut aliquip ex ea commodo consequat. Duis aute irure dolor in reprehenderit in voluptate velit esse cillum dolore eu fugiat nulla pariatur. Excepteur sint occaecat cupidatat non proident, sunt in culpa qui officia deserunt mollit anim id est laborum.');
INSERT INTO menu (restaurant_id,dish_category,starting_price,ending_price,ingredients,description) VALUES (1,8,40000.00,65000.00,'Lorem ipsum dolor sit amet, consectetur adipiscing elit, sed do eiusmod tempor incididunt ut labore et dolore magna aliqua','Lorem ipsum dolor sit amet, consectetur adipiscing elit, sed do eiusmod tempor incididunt ut labore et dolore magna aliqua. Ut enim ad minim veniam, quis nostrud exercitation ullamco laboris nisi ut aliquip ex ea commodo consequat. Duis aute irure dolor in reprehenderit in voluptate velit esse cillum dolore eu fugiat nulla pariatur. Excepteur sint occaecat cupidatat non proident, sunt in culpa qui officia deserunt mollit anim id est laborum.');
INSERT INTO menu (restaurant_id,dish_category,starting_price,ending_price,ingredients,description) VALUES (2,17,40000.00,600000.00,'Lorem ipsum dolor sit amet, consectetur adipiscing elit, sed do eiusmod tempor incididunt ut labore et dolore magna aliqua','Lorem ipsum dolor sit amet, consectetur adipiscing elit, sed do eiusmod tempor incididunt ut labore et dolore magna aliqua. Ut enim ad minim veniam, quis nostrud exercitation ullamco laboris nisi ut aliquip ex ea commodo consequat. Duis aute irure dolor in reprehenderit in voluptate velit esse cillum dolore eu fugiat nulla pariatur. Excepteur sint occaecat cupidatat non proident, sunt in culpa qui officia deserunt mollit anim id est laborum.');
INSERT INTO menu (restaurant_id,dish_category,starting_price,ending_price,ingredients,description) VALUES (3,9,35000.00,60000.00,'Lorem ipsum dolor sit amet, consectetur adipiscing elit, sed do eiusmod tempor incididunt ut labore et dolore magna aliqua','Lorem ipsum dolor sit amet, consectetur adipiscing elit, sed do eiusmod tempor incididunt ut labore et dolore magna aliqua. Ut enim ad minim veniam, quis nostrud exercitation ullamco laboris nisi ut aliquip ex ea commodo consequat. Duis aute irure dolor in reprehenderit in voluptate velit esse cillum dolore eu fugiat nulla pariatur. Excepteur sint occaecat cupidatat non proident, sunt in culpa qui officia deserunt mollit anim id est laborum.');
INSERT INTO menu (restaurant_id,dish_category,starting_price,ending_price,ingredients,description) VALUES (4,9,55000.00,65000.00,'Lorem ipsum dolor sit amet, consectetur adipiscing elit, sed do eiusmod tempor incididunt ut labore et dolore magna aliqua','Lorem ipsum dolor sit amet, consectetur adipiscing elit, sed do eiusmod tempor incididunt ut labore et dolore magna aliqua. Ut enim ad minim veniam, quis nostrud exercitation ullamco laboris nisi ut aliquip ex ea commodo consequat. Duis aute irure dolor in reprehenderit in voluptate velit esse cillum dolore eu fugiat nulla pariatur. Excepteur sint occaecat cupidatat non proident, sunt in culpa qui officia deserunt mollit anim id est laborum.');
INSERT INTO menu (restaurant_id,dish_category,starting_price,ending_price,ingredients,description) VALUES (5,21,25000.00,35000.00,'Lorem ipsum dolor sit amet, consectetur adipiscing elit, sed do eiusmod tempor incididunt ut labore et dolore magna aliqua','Lorem ipsum dolor sit amet, consectetur adipiscing elit, sed do eiusmod tempor incididunt ut labore et dolore magna aliqua. Ut enim ad minim veniam, quis nostrud exercitation ullamco laboris nisi ut aliquip ex ea commodo consequat. Duis aute irure dolor in reprehenderit in voluptate velit esse cillum dolore eu fugiat nulla pariatur. Excepteur sint occaecat cupidatat non proident, sunt in culpa qui officia deserunt mollit anim id est laborum.');
INSERT INTO menu (restaurant_id,dish_category,starting_price,ending_price,ingredients,description) VALUES (6,25,45000.00,70000.00,'Lorem ipsum dolor sit amet, consectetur adipiscing elit, sed do eiusmod tempor incididunt ut labore et dolore magna aliqua','Lorem ipsum dolor sit amet, consectetur adipiscing elit, sed do eiusmod tempor incididunt ut labore et dolore magna aliqua. Ut enim ad minim veniam, quis nostrud exercitation ullamco laboris nisi ut aliquip ex ea commodo consequat. Duis aute irure dolor in reprehenderit in voluptate velit esse cillum dolore eu fugiat nulla pariatur. Excepteur sint occaecat cupidatat non proident, sunt in culpa qui officia deserunt mollit anim id est laborum.');
INSERT INTO menu (restaurant_id,dish_category,starting_price,ending_price,ingredients,description) VALUES (6,25,40000.00,150000.00,'Lorem ipsum dolor sit amet, consectetur adipiscing elit, sed do eiusmod tempor incididunt ut labore et dolore magna aliqua','Lorem ipsum dolor sit amet, consectetur adipiscing elit, sed do eiusmod tempor incididunt ut labore et dolore magna aliqua. Ut enim ad minim veniam, quis nostrud exercitation ullamco laboris nisi ut aliquip ex ea commodo consequat. Duis aute irure dolor in reprehenderit in voluptate velit esse cillum dolore eu fugiat nulla pariatur. Excepteur sint occaecat cupidatat non proident, sunt in culpa qui officia deserunt mollit anim id est laborum.');
INSERT INTO menu (restaurant_id,dish_category,starting_price,ending_price,ingredients,description) VALUES (7,21,50000.00,200000.00,'Lorem ipsum dolor sit amet, consectetur adipiscing elit, sed do eiusmod tempor incididunt ut labore et dolore magna aliqua','Lorem ipsum dolor sit amet, consectetur adipiscing elit, sed do eiusmod tempor incididunt ut labore et dolore magna aliqua. Ut enim ad minim veniam, quis nostrud exercitation ullamco laboris nisi ut aliquip ex ea commodo consequat. Duis aute irure dolor in reprehenderit in voluptate velit esse cillum dolore eu fugiat nulla pariatur. Excepteur sint occaecat cupidatat non proident, sunt in culpa qui officia deserunt mollit anim id est laborum.');
INSERT INTO menu (restaurant_id,dish_category,starting_price,ending_price,ingredients,description) VALUES (7,9,30000.00,50000.00,'Lorem ipsum dolor sit amet, consectetur adipiscing elit, sed do eiusmod tempor incididunt ut labore et dolore magna aliqua','Lorem ipsum dolor sit amet, consectetur adipiscing elit, sed do eiusmod tempor incididunt ut labore et dolore magna aliqua. Ut enim ad minim veniam, quis nostrud exercitation ullamco laboris nisi ut aliquip ex ea commodo consequat. Duis aute irure dolor in reprehenderit in voluptate velit esse cillum dolore eu fugiat nulla pariatur. Excepteur sint occaecat cupidatat non proident, sunt in culpa qui officia deserunt mollit anim id est laborum.');
INSERT INTO menu (restaurant_id,dish_category,starting_price,ending_price,ingredients,description) VALUES (8,9,30000.00,40000.00,'Lorem ipsum dolor sit amet, consectetur adipiscing elit, sed do eiusmod tempor incididunt ut labore et dolore magna aliqua','Lorem ipsum dolor sit amet, consectetur adipiscing elit, sed do eiusmod tempor incididunt ut labore et dolore magna aliqua. Ut enim ad minim veniam, quis nostrud exercitation ullamco laboris nisi ut aliquip ex ea commodo consequat. Duis aute irure dolor in reprehenderit in voluptate velit esse cillum dolore eu fugiat nulla pariatur. Excepteur sint occaecat cupidatat non proident, sunt in culpa qui officia deserunt mollit anim id est laborum.');
INSERT INTO menu (restaurant_id,dish_category,starting_price,ending_price,ingredients,description) VALUES (9,18,100000.00,300000.00,'Lorem ipsum dolor sit amet, consectetur adipiscing elit, sed do eiusmod tempor incididunt ut labore et dolore magna aliqua','Lorem ipsum dolor sit amet, consectetur adipiscing elit, sed do eiusmod tempor incididunt ut labore et dolore magna aliqua. Ut enim ad minim veniam, quis nostrud exercitation ullamco laboris nisi ut aliquip ex ea commodo consequat. Duis aute irure dolor in reprehenderit in voluptate velit esse cillum dolore eu fugiat nulla pariatur. Excepteur sint occaecat cupidatat non proident, sunt in culpa qui officia deserunt mollit anim id est laborum.');
INSERT INTO menu (restaurant_id,dish_category,starting_price,ending_price,ingredients,description) VALUES (10,10,40000.00,70000.00,'Lorem ipsum dolor sit amet, consectetur adipiscing elit, sed do eiusmod tempor incididunt ut labore et dolore magna aliqua','Lorem ipsum dolor sit amet, consectetur adipiscing elit, sed do eiusmod tempor incididunt ut labore et dolore magna aliqua. Ut enim ad minim veniam, quis nostrud exercitation ullamco laboris nisi ut aliquip ex ea commodo consequat. Duis aute irure dolor in reprehenderit in voluptate velit esse cillum dolore eu fugiat nulla pariatur. Excepteur sint occaecat cupidatat non proident, sunt in culpa qui officia deserunt mollit anim id est laborum.');
INSERT INTO menu (restaurant_id,dish_category,starting_price,ending_price,ingredients,description) VALUES (11,11,40000.00,70000.00,'Lorem ipsum dolor sit amet, consectetur adipiscing elit, sed do eiusmod tempor incididunt ut labore et dolore magna aliqua','Lorem ipsum dolor sit amet, consectetur adipiscing elit, sed do eiusmod tempor incididunt ut labore et dolore magna aliqua. Ut enim ad minim veniam, quis nostrud exercitation ullamco laboris nisi ut aliquip ex ea commodo consequat. Duis aute irure dolor in reprehenderit in voluptate velit esse cillum dolore eu fugiat nulla pariatur. Excepteur sint occaecat cupidatat non proident, sunt in culpa qui officia deserunt mollit anim id est laborum.');
INSERT INTO menu (restaurant_id,dish_category,starting_price,ending_price,ingredients,description) VALUES (12,11,40000.00,70000.00,'Lorem ipsum dolor sit amet, consectetur adipiscing elit, sed do eiusmod tempor incididunt ut labore et dolore magna aliqua','Lorem ipsum dolor sit amet, consectetur adipiscing elit, sed do eiusmod tempor incididunt ut labore et dolore magna aliqua. Ut enim ad minim veniam, quis nostrud exercitation ullamco laboris nisi ut aliquip ex ea commodo consequat. Duis aute irure dolor in reprehenderit in voluptate velit esse cillum dolore eu fugiat nulla pariatur. Excepteur sint occaecat cupidatat non proident, sunt in culpa qui officia deserunt mollit anim id est laborum.');
INSERT INTO menu (restaurant_id,dish_category,starting_price,ending_price,ingredients,description) VALUES (13,19,100000.00,200000.00,'Lorem ipsum dolor sit amet, consectetur adipiscing elit, sed do eiusmod tempor incididunt ut labore et dolore magna aliqua','Lorem ipsum dolor sit amet, consectetur adipiscing elit, sed do eiusmod tempor incididunt ut labore et dolore magna aliqua. Ut enim ad minim veniam, quis nostrud exercitation ullamco laboris nisi ut aliquip ex ea commodo consequat. Duis aute irure dolor in reprehenderit in voluptate velit esse cillum dolore eu fugiat nulla pariatur. Excepteur sint occaecat cupidatat non proident, sunt in culpa qui officia deserunt mollit anim id est laborum.');
INSERT INTO menu (restaurant_id,dish_category,starting_price,ending_price,ingredients,description) VALUES (14,19,80000.00,200000.00,'Lorem ipsum dolor sit amet, consectetur adipiscing elit, sed do eiusmod tempor incididunt ut labore et dolore magna aliqua','Lorem ipsum dolor sit amet, consectetur adipiscing elit, sed do eiusmod tempor incididunt ut labore et dolore magna aliqua. Ut enim ad minim veniam, quis nostrud exercitation ullamco laboris nisi ut aliquip ex ea commodo consequat. Duis aute irure dolor in reprehenderit in voluptate velit esse cillum dolore eu fugiat nulla pariatur. Excepteur sint occaecat cupidatat non proident, sunt in culpa qui officia deserunt mollit anim id est laborum.');
INSERT INTO menu (restaurant_id,dish_category,starting_price,ending_price,ingredients,description) VALUES (15,19,80000.00,200000.00,'Lorem ipsum dolor sit amet, consectetur adipiscing elit, sed do eiusmod tempor incididunt ut labore et dolore magna aliqua','Lorem ipsum dolor sit amet, consectetur adipiscing elit, sed do eiusmod tempor incididunt ut labore et dolore magna aliqua. Ut enim ad minim veniam, quis nostrud exercitation ullamco laboris nisi ut aliquip ex ea commodo consequat. Duis aute irure dolor in reprehenderit in voluptate velit esse cillum dolore eu fugiat nulla pariatur. Excepteur sint occaecat cupidatat non proident, sunt in culpa qui officia deserunt mollit anim id est laborum.');
INSERT INTO menu (restaurant_id,dish_category,starting_price,ending_price,ingredients,description) VALUES (16,11,45000.00,60000.00,'Lorem ipsum dolor sit amet, consectetur adipiscing elit, sed do eiusmod tempor incididunt ut labore et dolore magna aliqua','Lorem ipsum dolor sit amet, consectetur adipiscing elit, sed do eiusmod tempor incididunt ut labore et dolore magna aliqua. Ut enim ad minim veniam, quis nostrud exercitation ullamco laboris nisi ut aliquip ex ea commodo consequat. Duis aute irure dolor in reprehenderit in voluptate velit esse cillum dolore eu fugiat nulla pariatur. Excepteur sint occaecat cupidatat non proident, sunt in culpa qui officia deserunt mollit anim id est laborum.');
INSERT INTO menu (restaurant_id,dish_category,starting_price,ending_price,ingredients,description) VALUES (17,11,40000.00,60000.00,'Lorem ipsum dolor sit amet, consectetur adipiscing elit, sed do eiusmod tempor incididunt ut labore et dolore magna aliqua','Lorem ipsum dolor sit amet, consectetur adipiscing elit, sed do eiusmod tempor incididunt ut labore et dolore magna aliqua. Ut enim ad minim veniam, quis nostrud exercitation ullamco laboris nisi ut aliquip ex ea commodo consequat. Duis aute irure dolor in reprehenderit in voluptate velit esse cillum dolore eu fugiat nulla pariatur. Excepteur sint occaecat cupidatat non proident, sunt in culpa qui officia deserunt mollit anim id est laborum.');
INSERT INTO menu (restaurant_id,dish_category,starting_price,ending_price,ingredients,description) VALUES (18,11,35000.00,70000.00,'Lorem ipsum dolor sit amet, consectetur adipiscing elit, sed do eiusmod tempor incididunt ut labore et dolore magna aliqua','Lorem ipsum dolor sit amet, consectetur adipiscing elit, sed do eiusmod tempor incididunt ut labore et dolore magna aliqua. Ut enim ad minim veniam, quis nostrud exercitation ullamco laboris nisi ut aliquip ex ea commodo consequat. Duis aute irure dolor in reprehenderit in voluptate velit esse cillum dolore eu fugiat nulla pariatur. Excepteur sint occaecat cupidatat non proident, sunt in culpa qui officia deserunt mollit anim id est laborum.');
INSERT INTO menu (restaurant_id,dish_category,starting_price,ending_price,ingredients,description) VALUES (19,3,50000.00,150000.00,'Lorem ipsum dolor sit amet, consectetur adipiscing elit, sed do eiusmod tempor incididunt ut labore et dolore magna aliqua','Lorem ipsum dolor sit amet, consectetur adipiscing elit, sed do eiusmod tempor incididunt ut labore et dolore magna aliqua. Ut enim ad minim veniam, quis nostrud exercitation ullamco laboris nisi ut aliquip ex ea commodo consequat. Duis aute irure dolor in reprehenderit in voluptate velit esse cillum dolore eu fugiat nulla pariatur. Excepteur sint occaecat cupidatat non proident, sunt in culpa qui officia deserunt mollit anim id est laborum.');
INSERT INTO menu (restaurant_id,dish_category,starting_price,ending_price,ingredients,description) VALUES (20,25,35000.00,300000.00,'Lorem ipsum dolor sit amet, consectetur adipiscing elit, sed do eiusmod tempor incididunt ut labore et dolore magna aliqua','Lorem ipsum dolor sit amet, consectetur adipiscing elit, sed do eiusmod tempor incididunt ut labore et dolore magna aliqua. Ut enim ad minim veniam, quis nostrud exercitation ullamco laboris nisi ut aliquip ex ea commodo consequat. Duis aute irure dolor in reprehenderit in voluptate velit esse cillum dolore eu fugiat nulla pariatur. Excepteur sint occaecat cupidatat non proident, sunt in culpa qui officia deserunt mollit anim id est laborum.');
INSERT INTO menu (restaurant_id,dish_category,starting_price,ending_price,ingredients,description) VALUES (21,3,45000.00,60000.00,'Lorem ipsum dolor sit amet, consectetur adipiscing elit, sed do eiusmod tempor incididunt ut labore et dolore magna aliqua','Lorem ipsum dolor sit amet, consectetur adipiscing elit, sed do eiusmod tempor incididunt ut labore et dolore magna aliqua. Ut enim ad minim veniam, quis nostrud exercitation ullamco laboris nisi ut aliquip ex ea commodo consequat. Duis aute irure dolor in reprehenderit in voluptate velit esse cillum dolore eu fugiat nulla pariatur. Excepteur sint occaecat cupidatat non proident, sunt in culpa qui officia deserunt mollit anim id est laborum.');
INSERT INTO menu (restaurant_id,dish_category,starting_price,ending_price,ingredients,description) VALUES (22,10,40000.00,70000.00,'Lorem ipsum dolor sit amet, consectetur adipiscing elit, sed do eiusmod tempor incididunt ut labore et dolore magna aliqua','Lorem ipsum dolor sit amet, consectetur adipiscing elit, sed do eiusmod tempor incididunt ut labore et dolore magna aliqua. Ut enim ad minim veniam, quis nostrud exercitation ullamco laboris nisi ut aliquip ex ea commodo consequat. Duis aute irure dolor in reprehenderit in voluptate velit esse cillum dolore eu fugiat nulla pariatur. Excepteur sint occaecat cupidatat non proident, sunt in culpa qui officia deserunt mollit anim id est laborum.');
INSERT INTO menu (restaurant_id,dish_category,starting_price,ending_price,ingredients,description) VALUES (23,9,20000.00,50000.00,'Lorem ipsum dolor sit amet, consectetur adipiscing elit, sed do eiusmod tempor incididunt ut labore et dolore magna aliqua','Lorem ipsum dolor sit amet, consectetur adipiscing elit, sed do eiusmod tempor incididunt ut labore et dolore magna aliqua. Ut enim ad minim veniam, quis nostrud exercitation ullamco laboris nisi ut aliquip ex ea commodo consequat. Duis aute irure dolor in reprehenderit in voluptate velit esse cillum dolore eu fugiat nulla pariatur. Excepteur sint occaecat cupidatat non proident, sunt in culpa qui officia deserunt mollit anim id est laborum.');
INSERT INTO menu (restaurant_id,dish_category,starting_price,ending_price,ingredients,description) VALUES (24,25,50000.00,300000.00,'Lorem ipsum dolor sit amet, consectetur adipiscing elit, sed do eiusmod tempor incididunt ut labore et dolore magna aliqua','Lorem ipsum dolor sit amet, consectetur adipiscing elit, sed do eiusmod tempor incididunt ut labore et dolore magna aliqua. Ut enim ad minim veniam, quis nostrud exercitation ullamco laboris nisi ut aliquip ex ea commodo consequat. Duis aute irure dolor in reprehenderit in voluptate velit esse cillum dolore eu fugiat nulla pariatur. Excepteur sint occaecat cupidatat non proident, sunt in culpa qui officia deserunt mollit anim id est laborum.');
INSERT INTO menu (restaurant_id,dish_category,starting_price,ending_price,ingredients,description) VALUES (25,21,50000.00,300000.00,'Lorem ipsum dolor sit amet, consectetur adipiscing elit, sed do eiusmod tempor incididunt ut labore et dolore magna aliqua','Lorem ipsum dolor sit amet, consectetur adipiscing elit, sed do eiusmod tempor incididunt ut labore et dolore magna aliqua. Ut enim ad minim veniam, quis nostrud exercitation ullamco laboris nisi ut aliquip ex ea commodo consequat. Duis aute irure dolor in reprehenderit in voluptate velit esse cillum dolore eu fugiat nulla pariatur. Excepteur sint occaecat cupidatat non proident, sunt in culpa qui officia deserunt mollit anim id est laborum.');
INSERT INTO menu (restaurant_id,dish_category,starting_price,ending_price,ingredients,description) VALUES (26,17,25000.00,40000.00,'Lorem ipsum dolor sit amet, consectetur adipiscing elit, sed do eiusmod tempor incididunt ut labore et dolore magna aliqua','Lorem ipsum dolor sit amet, consectetur adipiscing elit, sed do eiusmod tempor incididunt ut labore et dolore magna aliqua. Ut enim ad minim veniam, quis nostrud exercitation ullamco laboris nisi ut aliquip ex ea commodo consequat. Duis aute irure dolor in reprehenderit in voluptate velit esse cillum dolore eu fugiat nulla pariatur. Excepteur sint occaecat cupidatat non proident, sunt in culpa qui officia deserunt mollit anim id est laborum.');
INSERT INTO menu (restaurant_id,dish_category,starting_price,ending_price,ingredients,description) VALUES (27,11,35000.00,45000.00,'Lorem ipsum dolor sit amet, consectetur adipiscing elit, sed do eiusmod tempor incididunt ut labore et dolore magna aliqua','Lorem ipsum dolor sit amet, consectetur adipiscing elit, sed do eiusmod tempor incididunt ut labore et dolore magna aliqua. Ut enim ad minim veniam, quis nostrud exercitation ullamco laboris nisi ut aliquip ex ea commodo consequat. Duis aute irure dolor in reprehenderit in voluptate velit esse cillum dolore eu fugiat nulla pariatur. Excepteur sint occaecat cupidatat non proident, sunt in culpa qui officia deserunt mollit anim id est laborum.');
INSERT INTO menu (restaurant_id,dish_category,starting_price,ending_price,ingredients,description) VALUES (28,3,45000.00,75000.00,'Lorem ipsum dolor sit amet, consectetur adipiscing elit, sed do eiusmod tempor incididunt ut labore et dolore magna aliqua','Lorem ipsum dolor sit amet, consectetur adipiscing elit, sed do eiusmod tempor incididunt ut labore et dolore magna aliqua. Ut enim ad minim veniam, quis nostrud exercitation ullamco laboris nisi ut aliquip ex ea commodo consequat. Duis aute irure dolor in reprehenderit in voluptate velit esse cillum dolore eu fugiat nulla pariatur. Excepteur sint occaecat cupidatat non proident, sunt in culpa qui officia deserunt mollit anim id est laborum.');
INSERT INTO menu (restaurant_id,dish_category,starting_price,ending_price,ingredients,description) VALUES (29,10,30000.00,400000.00,'Lorem ipsum dolor sit amet, consectetur adipiscing elit, sed do eiusmod tempor incididunt ut labore et dolore magna aliqua','Lorem ipsum dolor sit amet, consectetur adipiscing elit, sed do eiusmod tempor incididunt ut labore et dolore magna aliqua. Ut enim ad minim veniam, quis nostrud exercitation ullamco laboris nisi ut aliquip ex ea commodo consequat. Duis aute irure dolor in reprehenderit in voluptate velit esse cillum dolore eu fugiat nulla pariatur. Excepteur sint occaecat cupidatat non proident, sunt in culpa qui officia deserunt mollit anim id est laborum.');
INSERT INTO menu (restaurant_id,dish_category,starting_price,ending_price,ingredients,description) VALUES (30,11,35000.00,50000.00,'Lorem ipsum dolor sit amet, consectetur adipiscing elit, sed do eiusmod tempor incididunt ut labore et dolore magna aliqua','Lorem ipsum dolor sit amet, consectetur adipiscing elit, sed do eiusmod tempor incididunt ut labore et dolore magna aliqua. Ut enim ad minim veniam, quis nostrud exercitation ullamco laboris nisi ut aliquip ex ea commodo consequat. Duis aute irure dolor in reprehenderit in voluptate velit esse cillum dolore eu fugiat nulla pariatur. Excepteur sint occaecat cupidatat non proident, sunt in culpa qui officia deserunt mollit anim id est laborum.');
INSERT INTO menu (restaurant_id,dish_category,starting_price,ending_price,ingredients,description) VALUES (31,13,50000.00,300000.00,'Lorem ipsum dolor sit amet, consectetur adipiscing elit, sed do eiusmod tempor incididunt ut labore et dolore magna aliqua','Lorem ipsum dolor sit amet, consectetur adipiscing elit, sed do eiusmod tempor incididunt ut labore et dolore magna aliqua. Ut enim ad minim veniam, quis nostrud exercitation ullamco laboris nisi ut aliquip ex ea commodo consequat. Duis aute irure dolor in reprehenderit in voluptate velit esse cillum dolore eu fugiat nulla pariatur. Excepteur sint occaecat cupidatat non proident, sunt in culpa qui officia deserunt mollit anim id est laborum.');
INSERT INTO menu (restaurant_id,dish_category,starting_price,ending_price,ingredients,description) VALUES (32,16,80000.00,170000.00,'Lorem ipsum dolor sit amet, consectetur adipiscing elit, sed do eiusmod tempor incididunt ut labore et dolore magna aliqua','Lorem ipsum dolor sit amet, consectetur adipiscing elit, sed do eiusmod tempor incididunt ut labore et dolore magna aliqua. Ut enim ad minim veniam, quis nostrud exercitation ullamco laboris nisi ut aliquip ex ea commodo consequat. Duis aute irure dolor in reprehenderit in voluptate velit esse cillum dolore eu fugiat nulla pariatur. Excepteur sint occaecat cupidatat non proident, sunt in culpa qui officia deserunt mollit anim id est laborum.');
INSERT INTO menu (restaurant_id,dish_category,starting_price,ending_price,ingredients,description) VALUES (34,22,30000.00,60000.00,'Lorem ipsum dolor sit amet, consectetur adipiscing elit, sed do eiusmod tempor incididunt ut labore et dolore magna aliqua','Lorem ipsum dolor sit amet, consectetur adipiscing elit, sed do eiusmod tempor incididunt ut labore et dolore magna aliqua. Ut enim ad minim veniam, quis nostrud exercitation ullamco laboris nisi ut aliquip ex ea commodo consequat. Duis aute irure dolor in reprehenderit in voluptate velit esse cillum dolore eu fugiat nulla pariatur. Excepteur sint occaecat cupidatat non proident, sunt in culpa qui officia deserunt mollit anim id est laborum.');
INSERT INTO menu (restaurant_id,dish_category,starting_price,ending_price,ingredients,description) VALUES (35,17,30000.00,300000.00,'Lorem ipsum dolor sit amet, consectetur adipiscing elit, sed do eiusmod tempor incididunt ut labore et dolore magna aliqua','Lorem ipsum dolor sit amet, consectetur adipiscing elit, sed do eiusmod tempor incididunt ut labore et dolore magna aliqua. Ut enim ad minim veniam, quis nostrud exercitation ullamco laboris nisi ut aliquip ex ea commodo consequat. Duis aute irure dolor in reprehenderit in voluptate velit esse cillum dolore eu fugiat nulla pariatur. Excepteur sint occaecat cupidatat non proident, sunt in culpa qui officia deserunt mollit anim id est laborum.');
INSERT INTO menu (restaurant_id,dish_category,starting_price,ending_price,ingredients,description) VALUES (36,12,48000.00,700000.00,'Lorem ipsum dolor sit amet, consectetur adipiscing elit, sed do eiusmod tempor incididunt ut labore et dolore magna aliqua','Lorem ipsum dolor sit amet, consectetur adipiscing elit, sed do eiusmod tempor incididunt ut labore et dolore magna aliqua. Ut enim ad minim veniam, quis nostrud exercitation ullamco laboris nisi ut aliquip ex ea commodo consequat. Duis aute irure dolor in reprehenderit in voluptate velit esse cillum dolore eu fugiat nulla pariatur. Excepteur sint occaecat cupidatat non proident, sunt in culpa qui officia deserunt mollit anim id est laborum.');
INSERT INTO menu (restaurant_id,dish_category,starting_price,ending_price,ingredients,description) VALUES (37,11,45000.00,60000.00,'Lorem ipsum dolor sit amet, consectetur adipiscing elit, sed do eiusmod tempor incididunt ut labore et dolore magna aliqua','Lorem ipsum dolor sit amet, consectetur adipiscing elit, sed do eiusmod tempor incididunt ut labore et dolore magna aliqua. Ut enim ad minim veniam, quis nostrud exercitation ullamco laboris nisi ut aliquip ex ea commodo consequat. Duis aute irure dolor in reprehenderit in voluptate velit esse cillum dolore eu fugiat nulla pariatur. Excepteur sint occaecat cupidatat non proident, sunt in culpa qui officia deserunt mollit anim id est laborum.');
INSERT INTO menu (restaurant_id,dish_category,starting_price,ending_price,ingredients,description) VALUES (38,22,20000.00,40000.00,'Lorem ipsum dolor sit amet, consectetur adipiscing elit, sed do eiusmod tempor incididunt ut labore et dolore magna aliqua','Lorem ipsum dolor sit amet, consectetur adipiscing elit, sed do eiusmod tempor incididunt ut labore et dolore magna aliqua. Ut enim ad minim veniam, quis nostrud exercitation ullamco laboris nisi ut aliquip ex ea commodo consequat. Duis aute irure dolor in reprehenderit in voluptate velit esse cillum dolore eu fugiat nulla pariatur. Excepteur sint occaecat cupidatat non proident, sunt in culpa qui officia deserunt mollit anim id est laborum.');
INSERT INTO menu (restaurant_id,dish_category,starting_price,ending_price,ingredients,description) VALUES (39,8,45000.00,60000.00,'Lorem ipsum dolor sit amet, consectetur adipiscing elit, sed do eiusmod tempor incididunt ut labore et dolore magna aliqua','Lorem ipsum dolor sit amet, consectetur adipiscing elit, sed do eiusmod tempor incididunt ut labore et dolore magna aliqua. Ut enim ad minim veniam, quis nostrud exercitation ullamco laboris nisi ut aliquip ex ea commodo consequat. Duis aute irure dolor in reprehenderit in voluptate velit esse cillum dolore eu fugiat nulla pariatur. Excepteur sint occaecat cupidatat non proident, sunt in culpa qui officia deserunt mollit anim id est laborum.');
INSERT INTO menu (restaurant_id,dish_category,starting_price,ending_price,ingredients,description) VALUES (40,12,45000.00,500000.00,'Lorem ipsum dolor sit amet, consectetur adipiscing elit, sed do eiusmod tempor incididunt ut labore et dolore magna aliqua','Lorem ipsum dolor sit amet, consectetur adipiscing elit, sed do eiusmod tempor incididunt ut labore et dolore magna aliqua. Ut enim ad minim veniam, quis nostrud exercitation ullamco laboris nisi ut aliquip ex ea commodo consequat. Duis aute irure dolor in reprehenderit in voluptate velit esse cillum dolore eu fugiat nulla pariatur. Excepteur sint occaecat cupidatat non proident, sunt in culpa qui officia deserunt mollit anim id est laborum.');
INSERT INTO menu (restaurant_id,dish_category,starting_price,ending_price,ingredients,description) VALUES (41,2,50000.00,100000.00,'Lorem ipsum dolor sit amet, consectetur adipiscing elit, sed do eiusmod tempor incididunt ut labore et dolore magna aliqua','Lorem ipsum dolor sit amet, consectetur adipiscing elit, sed do eiusmod tempor incididunt ut labore et dolore magna aliqua. Ut enim ad minim veniam, quis nostrud exercitation ullamco laboris nisi ut aliquip ex ea commodo consequat. Duis aute irure dolor in reprehenderit in voluptate velit esse cillum dolore eu fugiat nulla pariatur. Excepteur sint occaecat cupidatat non proident, sunt in culpa qui officia deserunt mollit anim id est laborum.');
INSERT INTO menu (restaurant_id,dish_category,starting_price,ending_price,ingredients,description) VALUES (42,9,25000.00,35000.00,'Lorem ipsum dolor sit amet, consectetur adipiscing elit, sed do eiusmod tempor incididunt ut labore et dolore magna aliqua','Lorem ipsum dolor sit amet, consectetur adipiscing elit, sed do eiusmod tempor incididunt ut labore et dolore magna aliqua. Ut enim ad minim veniam, quis nostrud exercitation ullamco laboris nisi ut aliquip ex ea commodo consequat. Duis aute irure dolor in reprehenderit in voluptate velit esse cillum dolore eu fugiat nulla pariatur. Excepteur sint occaecat cupidatat non proident, sunt in culpa qui officia deserunt mollit anim id est laborum.');
INSERT INTO menu (restaurant_id,dish_category,starting_price,ending_price,ingredients,description) VALUES (44,2,45000.00,70000.00,'Lorem ipsum dolor sit amet, consectetur adipiscing elit, sed do eiusmod tempor incididunt ut labore et dolore magna aliqua','Lorem ipsum dolor sit amet, consectetur adipiscing elit, sed do eiusmod tempor incididunt ut labore et dolore magna aliqua. Ut enim ad minim veniam, quis nostrud exercitation ullamco laboris nisi ut aliquip ex ea commodo consequat. Duis aute irure dolor in reprehenderit in voluptate velit esse cillum dolore eu fugiat nulla pariatur. Excepteur sint occaecat cupidatat non proident, sunt in culpa qui officia deserunt mollit anim id est laborum.');
INSERT INTO menu (restaurant_id,dish_category,starting_price,ending_price,ingredients,description) VALUES (45,3,50000.00,90000.00,'Lorem ipsum dolor sit amet, consectetur adipiscing elit, sed do eiusmod tempor incididunt ut labore et dolore magna aliqua','Lorem ipsum dolor sit amet, consectetur adipiscing elit, sed do eiusmod tempor incididunt ut labore et dolore magna aliqua. Ut enim ad minim veniam, quis nostrud exercitation ullamco laboris nisi ut aliquip ex ea commodo consequat. Duis aute irure dolor in reprehenderit in voluptate velit esse cillum dolore eu fugiat nulla pariatur. Excepteur sint occaecat cupidatat non proident, sunt in culpa qui officia deserunt mollit anim id est laborum.');
INSERT INTO menu (restaurant_id,dish_category,starting_price,ending_price,ingredients,description) VALUES (46,23,100000.00,250000.00,'Lorem ipsum dolor sit amet, consectetur adipiscing elit, sed do eiusmod tempor incididunt ut labore et dolore magna aliqua','Lorem ipsum dolor sit amet, consectetur adipiscing elit, sed do eiusmod tempor incididunt ut labore et dolore magna aliqua. Ut enim ad minim veniam, quis nostrud exercitation ullamco laboris nisi ut aliquip ex ea commodo consequat. Duis aute irure dolor in reprehenderit in voluptate velit esse cillum dolore eu fugiat nulla pariatur. Excepteur sint occaecat cupidatat non proident, sunt in culpa qui officia deserunt mollit anim id est laborum.');
INSERT INTO menu (restaurant_id,dish_category,starting_price,ending_price,ingredients,description) VALUES (47,23,110000.00,270000.00,'Lorem ipsum dolor sit amet, consectetur adipiscing elit, sed do eiusmod tempor incididunt ut labore et dolore magna aliqua','Lorem ipsum dolor sit amet, consectetur adipiscing elit, sed do eiusmod tempor incididunt ut labore et dolore magna aliqua. Ut enim ad minim veniam, quis nostrud exercitation ullamco laboris nisi ut aliquip ex ea commodo consequat. Duis aute irure dolor in reprehenderit in voluptate velit esse cillum dolore eu fugiat nulla pariatur. Excepteur sint occaecat cupidatat non proident, sunt in culpa qui officia deserunt mollit anim id est laborum.');
INSERT INTO menu (restaurant_id,dish_category,starting_price,ending_price,ingredients,description) VALUES (48,8,45000.00,60000.00,'Lorem ipsum dolor sit amet, consectetur adipiscing elit, sed do eiusmod tempor incididunt ut labore et dolore magna aliqua','Lorem ipsum dolor sit amet, consectetur adipiscing elit, sed do eiusmod tempor incididunt ut labore et dolore magna aliqua. Ut enim ad minim veniam, quis nostrud exercitation ullamco laboris nisi ut aliquip ex ea commodo consequat. Duis aute irure dolor in reprehenderit in voluptate velit esse cillum dolore eu fugiat nulla pariatur. Excepteur sint occaecat cupidatat non proident, sunt in culpa qui officia deserunt mollit anim id est laborum.');
INSERT INTO menu (restaurant_id,dish_category,starting_price,ending_price,ingredients,description) VALUES (49,3,45000.00,65000.00,'Lorem ipsum dolor sit amet, consectetur adipiscing elit, sed do eiusmod tempor incididunt ut labore et dolore magna aliqua','Lorem ipsum dolor sit amet, consectetur adipiscing elit, sed do eiusmod tempor incididunt ut labore et dolore magna aliqua. Ut enim ad minim veniam, quis nostrud exercitation ullamco laboris nisi ut aliquip ex ea commodo consequat. Duis aute irure dolor in reprehenderit in voluptate velit esse cillum dolore eu fugiat nulla pariatur. Excepteur sint occaecat cupidatat non proident, sunt in culpa qui officia deserunt mollit anim id est laborum.');





--INSERT DATA INTO ADMIN_ACCOUNT
insert into admin_account(admin_name,admin_username,admin_password) values ('Binh', 'hoabinh0911', 'sdkdikfgja');






-----INSERT DATA INTO USER_ACCOUNT-----
INSERT INTO public.user_account (user_first_name,user_last_name,password,username) VALUES ('Federico','Capron','leGSMa','fcapron0@columbia.edu');
INSERT INTO public.user_account (user_first_name,user_last_name,password,username) VALUES ('Hubey','Ohrtmann','wnz7PnQ4X9Uh','hohrtmann1@alibaba.com');
INSERT INTO public.user_account (user_first_name,user_last_name,password,username) VALUES ('Reinald','Tunesi','3fE7izQ9vU','rtunesi2@phoca.cz');
INSERT INTO public.user_account (user_first_name,user_last_name,password,username) VALUES ('Arch','Reddish','tkIGIRDL','areddish3@spotify.com');
INSERT INTO public.user_account (user_first_name,user_last_name,password,username) VALUES ('Adelle','Wyles','L7t0TyP3lt','awyles4@npr.org');
INSERT INTO public.user_account (user_first_name,user_last_name,password,username) VALUES ('Hoebart','Aymes','B5DbDAtWV','haymes5@uiuc.edu');
INSERT INTO public.user_account (user_first_name,user_last_name,password,username) VALUES ('Karen','Baukham','Zbszw9','kbaukham6@miibeian.gov.cn');
INSERT INTO public.user_account (user_first_name,user_last_name,password,username) VALUES ('Gardner','Ivancevic','hDlssiGxvJBL','givancevic7@feedburner.com');
INSERT INTO public.user_account (user_first_name,user_last_name,password,username) VALUES ('Krista','Henric','InR0bzQjD','khenric8@ustream.tv');
INSERT INTO public.user_account (user_first_name,user_last_name,password,username) VALUES ('Fern','Blankenship','liLMWVcrZG','fblankenship9@quantcast.com');
INSERT INTO public.user_account (user_first_name,user_last_name,password,username) VALUES ('Genna','Wands','YJk6YN','gwandsa@wisc.edu');
INSERT INTO public.user_account (user_first_name,user_last_name,password,username) VALUES ('Romonda','Tabord','NTzqoU','rtabordb@unblog.fr');
INSERT INTO public.user_account (user_first_name,user_last_name,password,username) VALUES ('Leeann','Blaiklock','xXZAiZVG','lblaiklockc@eepurl.com');
INSERT INTO public.user_account (user_first_name,user_last_name,password,username) VALUES ('Laverna','Zellner','DUr86r','lzellnerd@msn.com');
INSERT INTO public.user_account (user_first_name,user_last_name,password,username) VALUES ('Maribelle','Ferri','IkSi3BeVinMx','mferrie@chron.com');
INSERT INTO public.user_account (user_first_name,user_last_name,password,username) VALUES ('Price','Haysham','Q1FGd0YD','phayshamf@auda.org.au');
INSERT INTO public.user_account (user_first_name,user_last_name,password,username) VALUES ('Angelique','Sture','FqztUTXJVH8F','astureg@engadget.com');
INSERT INTO public.user_account (user_first_name,user_last_name,password,username) VALUES ('Gerda','Lazer','ZDtonU0a','glazerh@nature.com');
INSERT INTO public.user_account (user_first_name,user_last_name,password,username) VALUES ('Sascha','Ryder','UxLiGYqfT','sryderi@oakley.com');
INSERT INTO public.user_account (user_first_name,user_last_name,password,username) VALUES ('Duffy','Konmann','BWT8Ke','dkonmannj@dropbox.com');
INSERT INTO public.user_account (user_first_name,user_last_name,password,username) VALUES ('Beth','Birchenhead','2VIggeRuoiG','bbirchenheadk@constantcontact.com');
INSERT INTO public.user_account (user_first_name,user_last_name,password,username) VALUES ('Delilah','de la Tremoille','IX7G8w9u4Ujm','ddelatremoillel@linkedin.com');
INSERT INTO public.user_account (user_first_name,user_last_name,password,username) VALUES ('Alta','Sharville','DCCgu672x1V','asharvillem@army.mil');
INSERT INTO public.user_account (user_first_name,user_last_name,password,username) VALUES ('Berry','Curtoys','0oKcKGr','bcurtoysn@alibaba.com');
INSERT INTO public.user_account (user_first_name,user_last_name,password,username) VALUES ('Lonnie','Roskrug','uOjbWz20','lroskrugo@globo.com');





-----INSERT DATA INTO POST-----
INSERT INTO post (description,picture,post_date,rating,admin_name,restaurant_id) VALUES ('Quán ăn có tuổi đời hơn 10 năm với thực đơn đa dạng từ các món cơm đến mì hủ tiếu bò né. Lần đầu mình ăn Út Hương lúc đó quán chỉ mới là một căn nhà nhỏ rộng chừng 3m không nổi bật gì so với những căn nhà bên cạnh. Nhưng sau 15 năm Út Hương nay đã mở rộng xung quanh ra thêm 4 căn nhà. Chỉ với như thế ta đã có thể tưởng tượng ra quán hút khách đến mức nào.Chất lượng món ăn ở Út Hương được bảo đảm rất tốt. Bạn kỳ vọng gì ở món ăn Út Hương đều đáp ứng được. Từ những hạt cơm được chiên tơi xốp vừa đủ những viên bò lúc lắc được xào vừa chín tới cho đến dĩa hủ tiếu xào với mùi cháy rất đặc trưng.Út Hương thật sự không có một món nào nổi bật tất cả các món đều có vị ngon riêng. Út Hương sẽ là một lựa chọn an toàn cho bạn trong lúc đang suy nghĩ cho bữa tối','null);','2023-04-21',8.0,'Binh',1);
INSERT INTO post (description,picture,post_date,rating,admin_name,restaurant_id) VALUES('Lorem ipsum dolor sit amet consectetur adipiscing elit sed do eiusmod tempor incididunt ut labore et dolore magna aliqua. Varius sit amet mattis vulputate enim nulla aliquet. In nibh mauris cursus mattis molestie a iaculis at erat. Enim ut sem viverra aliquet eget sit amet tellus cras. Orci sagittis eu volutpat odio. Urna et pharetra pharetra massa. Mattis nunc sed blandit libero volutpat. Amet consectetur adipiscing elit duis tristique sollicitudin nibh sit amet. Dictum at tempor commodo ullamcorper a lacus vestibulum sed arcu. Donec pretium vulputate sapien nec sagittis. Pellentesque habitant morbi tristique senectus et netus. Et molestie ac feugiat sed lectus vestibulum mattis ullamcorper. Neque gravida in fermentum et sollicitudin ac orci. Tincidunt eget nullam non nisi est. Mauris rhoncus aenean vel elit scelerisque mauris pellentesque pulvinar pellentesque. Arcu risus quis varius quam quisque. Malesuada fames ac turpis egestas integer eget aliquet. Tortor aliquam nulla facilisi cras fermentum odio eu.','null);','2023-04-21',6.5,'Binh',2);
INSERT INTO post (description,picture,post_date,rating,admin_name,restaurant_id) VALUES('Lorem ipsum dolor sit amet consectetur adipiscing elit sed do eiusmod tempor incididunt ut labore et dolore magna aliqua. Varius sit amet mattis vulputate enim nulla aliquet. In nibh mauris cursus mattis molestie a iaculis at erat. Enim ut sem viverra aliquet eget sit amet tellus cras. Orci sagittis eu volutpat odio. Urna et pharetra pharetra massa. Mattis nunc sed blandit libero volutpat. Amet consectetur adipiscing elit duis tristique sollicitudin nibh sit amet. Dictum at tempor commodo ullamcorper a lacus vestibulum sed arcu. Donec pretium vulputate sapien nec sagittis. Pellentesque habitant morbi tristique senectus et netus. Et molestie ac feugiat sed lectus vestibulum mattis ullamcorper. Neque gravida in fermentum et sollicitudin ac orci. Tincidunt eget nullam non nisi est. Mauris rhoncus aenean vel elit scelerisque mauris pellentesque pulvinar pellentesque. Arcu risus quis varius quam quisque. Malesuada fames ac turpis egestas integer eget aliquet. Tortor aliquam nulla facilisi cras fermentum odio eu.','null);','2023-04-21',7.0,'Binh',3);
INSERT INTO post (description,picture,post_date,rating,admin_name,restaurant_id) VALUES('Lorem ipsum dolor sit amet consectetur adipiscing elit sed do eiusmod tempor incididunt ut labore et dolore magna aliqua. Varius sit amet mattis vulputate enim nulla aliquet. In nibh mauris cursus mattis molestie a iaculis at erat. Enim ut sem viverra aliquet eget sit amet tellus cras. Orci sagittis eu volutpat odio. Urna et pharetra pharetra massa. Mattis nunc sed blandit libero volutpat. Amet consectetur adipiscing elit duis tristique sollicitudin nibh sit amet. Dictum at tempor commodo ullamcorper a lacus vestibulum sed arcu. Donec pretium vulputate sapien nec sagittis. Pellentesque habitant morbi tristique senectus et netus. Et molestie ac feugiat sed lectus vestibulum mattis ullamcorper. Neque gravida in fermentum et sollicitudin ac orci. Tincidunt eget nullam non nisi est. Mauris rhoncus aenean vel elit scelerisque mauris pellentesque pulvinar pellentesque. Arcu risus quis varius quam quisque. Malesuada fames ac turpis egestas integer eget aliquet. Tortor aliquam nulla facilisi cras fermentum odio eu.','null);','2023-04-21',7.5,'Binh',4);
INSERT INTO post (description,picture,post_date,rating,admin_name,restaurant_id) VALUES('Lorem ipsum dolor sit amet consectetur adipiscing elit sed do eiusmod tempor incididunt ut labore et dolore magna aliqua. Varius sit amet mattis vulputate enim nulla aliquet. In nibh mauris cursus mattis molestie a iaculis at erat. Enim ut sem viverra aliquet eget sit amet tellus cras. Orci sagittis eu volutpat odio. Urna et pharetra pharetra massa. Mattis nunc sed blandit libero volutpat. Amet consectetur adipiscing elit duis tristique sollicitudin nibh sit amet. Dictum at tempor commodo ullamcorper a lacus vestibulum sed arcu. Donec pretium vulputate sapien nec sagittis. Pellentesque habitant morbi tristique senectus et netus. Et molestie ac feugiat sed lectus vestibulum mattis ullamcorper. Neque gravida in fermentum et sollicitudin ac orci. Tincidunt eget nullam non nisi est. Mauris rhoncus aenean vel elit scelerisque mauris pellentesque pulvinar pellentesque. Arcu risus quis varius quam quisque. Malesuada fames ac turpis egestas integer eget aliquet. Tortor aliquam nulla facilisi cras fermentum odio eu.','null);','2023-04-21',8.5,'Binh',5);
INSERT INTO post (description,picture,post_date,rating,admin_name,restaurant_id) VALUES('Lorem ipsum dolor sit amet consectetur adipiscing elit sed do eiusmod tempor incididunt ut labore et dolore magna aliqua. Varius sit amet mattis vulputate enim nulla aliquet. In nibh mauris cursus mattis molestie a iaculis at erat. Enim ut sem viverra aliquet eget sit amet tellus cras. Orci sagittis eu volutpat odio. Urna et pharetra pharetra massa. Mattis nunc sed blandit libero volutpat. Amet consectetur adipiscing elit duis tristique sollicitudin nibh sit amet. Dictum at tempor commodo ullamcorper a lacus vestibulum sed arcu. Donec pretium vulputate sapien nec sagittis. Pellentesque habitant morbi tristique senectus et netus. Et molestie ac feugiat sed lectus vestibulum mattis ullamcorper. Neque gravida in fermentum et sollicitudin ac orci. Tincidunt eget nullam non nisi est. Mauris rhoncus aenean vel elit scelerisque mauris pellentesque pulvinar pellentesque. Arcu risus quis varius quam quisque. Malesuada fames ac turpis egestas integer eget aliquet. Tortor aliquam nulla facilisi cras fermentum odio eu.','null);','2023-04-21',9.4,'Binh',6);
INSERT INTO post (description,picture,post_date,rating,admin_name,restaurant_id) VALUES('Lorem ipsum dolor sit amet consectetur adipiscing elit sed do eiusmod tempor incididunt ut labore et dolore magna aliqua. Varius sit amet mattis vulputate enim nulla aliquet. In nibh mauris cursus mattis molestie a iaculis at erat. Enim ut sem viverra aliquet eget sit amet tellus cras. Orci sagittis eu volutpat odio. Urna et pharetra pharetra massa. Mattis nunc sed blandit libero volutpat. Amet consectetur adipiscing elit duis tristique sollicitudin nibh sit amet. Dictum at tempor commodo ullamcorper a lacus vestibulum sed arcu. Donec pretium vulputate sapien nec sagittis. Pellentesque habitant morbi tristique senectus et netus. Et molestie ac feugiat sed lectus vestibulum mattis ullamcorper. Neque gravida in fermentum et sollicitudin ac orci. Tincidunt eget nullam non nisi est. Mauris rhoncus aenean vel elit scelerisque mauris pellentesque pulvinar pellentesque. Arcu risus quis varius quam quisque. Malesuada fames ac turpis egestas integer eget aliquet. Tortor aliquam nulla facilisi cras fermentum odio eu.','null);','2023-04-21',7.0,'Binh',7);
INSERT INTO post (description,picture,post_date,rating,admin_name,restaurant_id) VALUES('Lorem ipsum dolor sit amet consectetur adipiscing elit sed do eiusmod tempor incididunt ut labore et dolore magna aliqua. Varius sit amet mattis vulputate enim nulla aliquet. In nibh mauris cursus mattis molestie a iaculis at erat. Enim ut sem viverra aliquet eget sit amet tellus cras. Orci sagittis eu volutpat odio. Urna et pharetra pharetra massa. Mattis nunc sed blandit libero volutpat. Amet consectetur adipiscing elit duis tristique sollicitudin nibh sit amet. Dictum at tempor commodo ullamcorper a lacus vestibulum sed arcu. Donec pretium vulputate sapien nec sagittis. Pellentesque habitant morbi tristique senectus et netus. Et molestie ac feugiat sed lectus vestibulum mattis ullamcorper. Neque gravida in fermentum et sollicitudin ac orci. Tincidunt eget nullam non nisi est. Mauris rhoncus aenean vel elit scelerisque mauris pellentesque pulvinar pellentesque. Arcu risus quis varius quam quisque. Malesuada fames ac turpis egestas integer eget aliquet. Tortor aliquam nulla facilisi cras fermentum odio eu.','null);','2023-04-21',7.0,'Binh',8);
INSERT INTO post (description,picture,post_date,rating,admin_name,restaurant_id) VALUES('Lorem ipsum dolor sit amet consectetur adipiscing elit sed do eiusmod tempor incididunt ut labore et dolore magna aliqua. Varius sit amet mattis vulputate enim nulla aliquet. In nibh mauris cursus mattis molestie a iaculis at erat. Enim ut sem viverra aliquet eget sit amet tellus cras. Orci sagittis eu volutpat odio. Urna et pharetra pharetra massa. Mattis nunc sed blandit libero volutpat. Amet consectetur adipiscing elit duis tristique sollicitudin nibh sit amet. Dictum at tempor commodo ullamcorper a lacus vestibulum sed arcu. Donec pretium vulputate sapien nec sagittis. Pellentesque habitant morbi tristique senectus et netus. Et molestie ac feugiat sed lectus vestibulum mattis ullamcorper. Neque gravida in fermentum et sollicitudin ac orci. Tincidunt eget nullam non nisi est. Mauris rhoncus aenean vel elit scelerisque mauris pellentesque pulvinar pellentesque. Arcu risus quis varius quam quisque. Malesuada fames ac turpis egestas integer eget aliquet. Tortor aliquam nulla facilisi cras fermentum odio eu.','null);','2023-04-21',8.5,'Binh',9);
INSERT INTO post (description,picture,post_date,rating,admin_name,restaurant_id) VALUES('Lorem ipsum dolor sit amet consectetur adipiscing elit sed do eiusmod tempor incididunt ut labore et dolore magna aliqua. Varius sit amet mattis vulputate enim nulla aliquet. In nibh mauris cursus mattis molestie a iaculis at erat. Enim ut sem viverra aliquet eget sit amet tellus cras. Orci sagittis eu volutpat odio. Urna et pharetra pharetra massa. Mattis nunc sed blandit libero volutpat. Amet consectetur adipiscing elit duis tristique sollicitudin nibh sit amet. Dictum at tempor commodo ullamcorper a lacus vestibulum sed arcu. Donec pretium vulputate sapien nec sagittis. Pellentesque habitant morbi tristique senectus et netus. Et molestie ac feugiat sed lectus vestibulum mattis ullamcorper. Neque gravida in fermentum et sollicitudin ac orci. Tincidunt eget nullam non nisi est. Mauris rhoncus aenean vel elit scelerisque mauris pellentesque pulvinar pellentesque. Arcu risus quis varius quam quisque. Malesuada fames ac turpis egestas integer eget aliquet. Tortor aliquam nulla facilisi cras fermentum odio eu.','null);','2023-04-21',7.5,'Binh',10);
INSERT INTO post (description,picture,post_date,rating,admin_name,restaurant_id) VALUES('Lorem ipsum dolor sit amet consectetur adipiscing elit sed do eiusmod tempor incididunt ut labore et dolore magna aliqua. Varius sit amet mattis vulputate enim nulla aliquet. In nibh mauris cursus mattis molestie a iaculis at erat. Enim ut sem viverra aliquet eget sit amet tellus cras. Orci sagittis eu volutpat odio. Urna et pharetra pharetra massa. Mattis nunc sed blandit libero volutpat. Amet consectetur adipiscing elit duis tristique sollicitudin nibh sit amet. Dictum at tempor commodo ullamcorper a lacus vestibulum sed arcu. Donec pretium vulputate sapien nec sagittis. Pellentesque habitant morbi tristique senectus et netus. Et molestie ac feugiat sed lectus vestibulum mattis ullamcorper. Neque gravida in fermentum et sollicitudin ac orci. Tincidunt eget nullam non nisi est. Mauris rhoncus aenean vel elit scelerisque mauris pellentesque pulvinar pellentesque. Arcu risus quis varius quam quisque. Malesuada fames ac turpis egestas integer eget aliquet. Tortor aliquam nulla facilisi cras fermentum odio eu.','null);','2023-04-21',7.0,'Binh',11);
INSERT INTO post (description,picture,post_date,rating,admin_name,restaurant_id) VALUES('Lorem ipsum dolor sit amet consectetur adipiscing elit sed do eiusmod tempor incididunt ut labore et dolore magna aliqua. Varius sit amet mattis vulputate enim nulla aliquet. In nibh mauris cursus mattis molestie a iaculis at erat. Enim ut sem viverra aliquet eget sit amet tellus cras. Orci sagittis eu volutpat odio. Urna et pharetra pharetra massa. Mattis nunc sed blandit libero volutpat. Amet consectetur adipiscing elit duis tristique sollicitudin nibh sit amet. Dictum at tempor commodo ullamcorper a lacus vestibulum sed arcu. Donec pretium vulputate sapien nec sagittis. Pellentesque habitant morbi tristique senectus et netus. Et molestie ac feugiat sed lectus vestibulum mattis ullamcorper. Neque gravida in fermentum et sollicitudin ac orci. Tincidunt eget nullam non nisi est. Mauris rhoncus aenean vel elit scelerisque mauris pellentesque pulvinar pellentesque. Arcu risus quis varius quam quisque. Malesuada fames ac turpis egestas integer eget aliquet. Tortor aliquam nulla facilisi cras fermentum odio eu.','null);','2023-04-21',9.0,'Binh',12);
INSERT INTO post (description,picture,post_date,rating,admin_name,restaurant_id) VALUES('Lorem ipsum dolor sit amet consectetur adipiscing elit sed do eiusmod tempor incididunt ut labore et dolore magna aliqua. Varius sit amet mattis vulputate enim nulla aliquet. In nibh mauris cursus mattis molestie a iaculis at erat. Enim ut sem viverra aliquet eget sit amet tellus cras. Orci sagittis eu volutpat odio. Urna et pharetra pharetra massa. Mattis nunc sed blandit libero volutpat. Amet consectetur adipiscing elit duis tristique sollicitudin nibh sit amet. Dictum at tempor commodo ullamcorper a lacus vestibulum sed arcu. Donec pretium vulputate sapien nec sagittis. Pellentesque habitant morbi tristique senectus et netus. Et molestie ac feugiat sed lectus vestibulum mattis ullamcorper. Neque gravida in fermentum et sollicitudin ac orci. Tincidunt eget nullam non nisi est. Mauris rhoncus aenean vel elit scelerisque mauris pellentesque pulvinar pellentesque. Arcu risus quis varius quam quisque. Malesuada fames ac turpis egestas integer eget aliquet. Tortor aliquam nulla facilisi cras fermentum odio eu.','null);','2023-04-21',8.0,'Binh',13);
INSERT INTO post (description,picture,post_date,rating,admin_name,restaurant_id) VALUES('Lorem ipsum dolor sit amet consectetur adipiscing elit sed do eiusmod tempor incididunt ut labore et dolore magna aliqua. Varius sit amet mattis vulputate enim nulla aliquet. In nibh mauris cursus mattis molestie a iaculis at erat. Enim ut sem viverra aliquet eget sit amet tellus cras. Orci sagittis eu volutpat odio. Urna et pharetra pharetra massa. Mattis nunc sed blandit libero volutpat. Amet consectetur adipiscing elit duis tristique sollicitudin nibh sit amet. Dictum at tempor commodo ullamcorper a lacus vestibulum sed arcu. Donec pretium vulputate sapien nec sagittis. Pellentesque habitant morbi tristique senectus et netus. Et molestie ac feugiat sed lectus vestibulum mattis ullamcorper. Neque gravida in fermentum et sollicitudin ac orci. Tincidunt eget nullam non nisi est. Mauris rhoncus aenean vel elit scelerisque mauris pellentesque pulvinar pellentesque. Arcu risus quis varius quam quisque. Malesuada fames ac turpis egestas integer eget aliquet. Tortor aliquam nulla facilisi cras fermentum odio eu.','null);','2023-04-21',9.0,'Binh',14);
INSERT INTO post (description,picture,post_date,rating,admin_name,restaurant_id) VALUES('Lorem ipsum dolor sit amet consectetur adipiscing elit sed do eiusmod tempor incididunt ut labore et dolore magna aliqua. Varius sit amet mattis vulputate enim nulla aliquet. In nibh mauris cursus mattis molestie a iaculis at erat. Enim ut sem viverra aliquet eget sit amet tellus cras. Orci sagittis eu volutpat odio. Urna et pharetra pharetra massa. Mattis nunc sed blandit libero volutpat. Amet consectetur adipiscing elit duis tristique sollicitudin nibh sit amet. Dictum at tempor commodo ullamcorper a lacus vestibulum sed arcu. Donec pretium vulputate sapien nec sagittis. Pellentesque habitant morbi tristique senectus et netus. Et molestie ac feugiat sed lectus vestibulum mattis ullamcorper. Neque gravida in fermentum et sollicitudin ac orci. Tincidunt eget nullam non nisi est. Mauris rhoncus aenean vel elit scelerisque mauris pellentesque pulvinar pellentesque. Arcu risus quis varius quam quisque. Malesuada fames ac turpis egestas integer eget aliquet. Tortor aliquam nulla facilisi cras fermentum odio eu.','null);','2023-04-21',9.0,'Binh',15);
INSERT INTO post (description,picture,post_date,rating,admin_name,restaurant_id) VALUES('Lorem ipsum dolor sit amet consectetur adipiscing elit sed do eiusmod tempor incididunt ut labore et dolore magna aliqua. Varius sit amet mattis vulputate enim nulla aliquet. In nibh mauris cursus mattis molestie a iaculis at erat. Enim ut sem viverra aliquet eget sit amet tellus cras. Orci sagittis eu volutpat odio. Urna et pharetra pharetra massa. Mattis nunc sed blandit libero volutpat. Amet consectetur adipiscing elit duis tristique sollicitudin nibh sit amet. Dictum at tempor commodo ullamcorper a lacus vestibulum sed arcu. Donec pretium vulputate sapien nec sagittis. Pellentesque habitant morbi tristique senectus et netus. Et molestie ac feugiat sed lectus vestibulum mattis ullamcorper. Neque gravida in fermentum et sollicitudin ac orci. Tincidunt eget nullam non nisi est. Mauris rhoncus aenean vel elit scelerisque mauris pellentesque pulvinar pellentesque. Arcu risus quis varius quam quisque. Malesuada fames ac turpis egestas integer eget aliquet. Tortor aliquam nulla facilisi cras fermentum odio eu.','null);','2023-04-21',8.5,'Binh',16);
INSERT INTO post (description,picture,post_date,rating,admin_name,restaurant_id) VALUES('Lorem ipsum dolor sit amet consectetur adipiscing elit sed do eiusmod tempor incididunt ut labore et dolore magna aliqua. Varius sit amet mattis vulputate enim nulla aliquet. In nibh mauris cursus mattis molestie a iaculis at erat. Enim ut sem viverra aliquet eget sit amet tellus cras. Orci sagittis eu volutpat odio. Urna et pharetra pharetra massa. Mattis nunc sed blandit libero volutpat. Amet consectetur adipiscing elit duis tristique sollicitudin nibh sit amet. Dictum at tempor commodo ullamcorper a lacus vestibulum sed arcu. Donec pretium vulputate sapien nec sagittis. Pellentesque habitant morbi tristique senectus et netus. Et molestie ac feugiat sed lectus vestibulum mattis ullamcorper. Neque gravida in fermentum et sollicitudin ac orci. Tincidunt eget nullam non nisi est. Mauris rhoncus aenean vel elit scelerisque mauris pellentesque pulvinar pellentesque. Arcu risus quis varius quam quisque. Malesuada fames ac turpis egestas integer eget aliquet. Tortor aliquam nulla facilisi cras fermentum odio eu.','null);','2023-04-21',7.5,'Binh',17);
INSERT INTO post (description,picture,post_date,rating,admin_name,restaurant_id) VALUES('Lorem ipsum dolor sit amet consectetur adipiscing elit sed do eiusmod tempor incididunt ut labore et dolore magna aliqua. Varius sit amet mattis vulputate enim nulla aliquet. In nibh mauris cursus mattis molestie a iaculis at erat. Enim ut sem viverra aliquet eget sit amet tellus cras. Orci sagittis eu volutpat odio. Urna et pharetra pharetra massa. Mattis nunc sed blandit libero volutpat. Amet consectetur adipiscing elit duis tristique sollicitudin nibh sit amet. Dictum at tempor commodo ullamcorper a lacus vestibulum sed arcu. Donec pretium vulputate sapien nec sagittis. Pellentesque habitant morbi tristique senectus et netus. Et molestie ac feugiat sed lectus vestibulum mattis ullamcorper. Neque gravida in fermentum et sollicitudin ac orci. Tincidunt eget nullam non nisi est. Mauris rhoncus aenean vel elit scelerisque mauris pellentesque pulvinar pellentesque. Arcu risus quis varius quam quisque. Malesuada fames ac turpis egestas integer eget aliquet. Tortor aliquam nulla facilisi cras fermentum odio eu.','null);','2023-04-21',8.3,'Binh',18);
INSERT INTO post (description,picture,post_date,rating,admin_name,restaurant_id) VALUES('Lorem ipsum dolor sit amet consectetur adipiscing elit sed do eiusmod tempor incididunt ut labore et dolore magna aliqua. Varius sit amet mattis vulputate enim nulla aliquet. In nibh mauris cursus mattis molestie a iaculis at erat. Enim ut sem viverra aliquet eget sit amet tellus cras. Orci sagittis eu volutpat odio. Urna et pharetra pharetra massa. Mattis nunc sed blandit libero volutpat. Amet consectetur adipiscing elit duis tristique sollicitudin nibh sit amet. Dictum at tempor commodo ullamcorper a lacus vestibulum sed arcu. Donec pretium vulputate sapien nec sagittis. Pellentesque habitant morbi tristique senectus et netus. Et molestie ac feugiat sed lectus vestibulum mattis ullamcorper. Neque gravida in fermentum et sollicitudin ac orci. Tincidunt eget nullam non nisi est. Mauris rhoncus aenean vel elit scelerisque mauris pellentesque pulvinar pellentesque. Arcu risus quis varius quam quisque. Malesuada fames ac turpis egestas integer eget aliquet. Tortor aliquam nulla facilisi cras fermentum odio eu.','null);','2023-04-21',9.0,'Binh',19);
INSERT INTO post (description,picture,post_date,rating,admin_name,restaurant_id) VALUES('Lorem ipsum dolor sit amet consectetur adipiscing elit sed do eiusmod tempor incididunt ut labore et dolore magna aliqua. Varius sit amet mattis vulputate enim nulla aliquet. In nibh mauris cursus mattis molestie a iaculis at erat. Enim ut sem viverra aliquet eget sit amet tellus cras. Orci sagittis eu volutpat odio. Urna et pharetra pharetra massa. Mattis nunc sed blandit libero volutpat. Amet consectetur adipiscing elit duis tristique sollicitudin nibh sit amet. Dictum at tempor commodo ullamcorper a lacus vestibulum sed arcu. Donec pretium vulputate sapien nec sagittis. Pellentesque habitant morbi tristique senectus et netus. Et molestie ac feugiat sed lectus vestibulum mattis ullamcorper. Neque gravida in fermentum et sollicitudin ac orci. Tincidunt eget nullam non nisi est. Mauris rhoncus aenean vel elit scelerisque mauris pellentesque pulvinar pellentesque. Arcu risus quis varius quam quisque. Malesuada fames ac turpis egestas integer eget aliquet. Tortor aliquam nulla facilisi cras fermentum odio eu.','null);','2023-04-21',8.2,'Binh',20);
INSERT INTO post (description,picture,post_date,rating,admin_name,restaurant_id) VALUES('Lorem ipsum dolor sit amet consectetur adipiscing elit sed do eiusmod tempor incididunt ut labore et dolore magna aliqua. Varius sit amet mattis vulputate enim nulla aliquet. In nibh mauris cursus mattis molestie a iaculis at erat. Enim ut sem viverra aliquet eget sit amet tellus cras. Orci sagittis eu volutpat odio. Urna et pharetra pharetra massa. Mattis nunc sed blandit libero volutpat. Amet consectetur adipiscing elit duis tristique sollicitudin nibh sit amet. Dictum at tempor commodo ullamcorper a lacus vestibulum sed arcu. Donec pretium vulputate sapien nec sagittis. Pellentesque habitant morbi tristique senectus et netus. Et molestie ac feugiat sed lectus vestibulum mattis ullamcorper. Neque gravida in fermentum et sollicitudin ac orci. Tincidunt eget nullam non nisi est. Mauris rhoncus aenean vel elit scelerisque mauris pellentesque pulvinar pellentesque. Arcu risus quis varius quam quisque. Malesuada fames ac turpis egestas integer eget aliquet. Tortor aliquam nulla facilisi cras fermentum odio eu.','null);','2023-04-21',9.2,'Binh',21);
INSERT INTO post (description,picture,post_date,rating,admin_name,restaurant_id) VALUES('Lorem ipsum dolor sit amet consectetur adipiscing elit sed do eiusmod tempor incididunt ut labore et dolore magna aliqua. Varius sit amet mattis vulputate enim nulla aliquet. In nibh mauris cursus mattis molestie a iaculis at erat. Enim ut sem viverra aliquet eget sit amet tellus cras. Orci sagittis eu volutpat odio. Urna et pharetra pharetra massa. Mattis nunc sed blandit libero volutpat. Amet consectetur adipiscing elit duis tristique sollicitudin nibh sit amet. Dictum at tempor commodo ullamcorper a lacus vestibulum sed arcu. Donec pretium vulputate sapien nec sagittis. Pellentesque habitant morbi tristique senectus et netus. Et molestie ac feugiat sed lectus vestibulum mattis ullamcorper. Neque gravida in fermentum et sollicitudin ac orci. Tincidunt eget nullam non nisi est. Mauris rhoncus aenean vel elit scelerisque mauris pellentesque pulvinar pellentesque. Arcu risus quis varius quam quisque. Malesuada fames ac turpis egestas integer eget aliquet. Tortor aliquam nulla facilisi cras fermentum odio eu.','null);','2023-04-21',7.4,'Binh',22);
INSERT INTO post (description,picture,post_date,rating,admin_name,restaurant_id) VALUES('Lorem ipsum dolor sit amet consectetur adipiscing elit sed do eiusmod tempor incididunt ut labore et dolore magna aliqua. Varius sit amet mattis vulputate enim nulla aliquet. In nibh mauris cursus mattis molestie a iaculis at erat. Enim ut sem viverra aliquet eget sit amet tellus cras. Orci sagittis eu volutpat odio. Urna et pharetra pharetra massa. Mattis nunc sed blandit libero volutpat. Amet consectetur adipiscing elit duis tristique sollicitudin nibh sit amet. Dictum at tempor commodo ullamcorper a lacus vestibulum sed arcu. Donec pretium vulputate sapien nec sagittis. Pellentesque habitant morbi tristique senectus et netus. Et molestie ac feugiat sed lectus vestibulum mattis ullamcorper. Neque gravida in fermentum et sollicitudin ac orci. Tincidunt eget nullam non nisi est. Mauris rhoncus aenean vel elit scelerisque mauris pellentesque pulvinar pellentesque. Arcu risus quis varius quam quisque. Malesuada fames ac turpis egestas integer eget aliquet. Tortor aliquam nulla facilisi cras fermentum odio eu.','null);','2023-04-21',8.7,'Binh',23);
INSERT INTO post (description,picture,post_date,rating,admin_name,restaurant_id) VALUES('Lorem ipsum dolor sit amet consectetur adipiscing elit sed do eiusmod tempor incididunt ut labore et dolore magna aliqua. Varius sit amet mattis vulputate enim nulla aliquet. In nibh mauris cursus mattis molestie a iaculis at erat. Enim ut sem viverra aliquet eget sit amet tellus cras. Orci sagittis eu volutpat odio. Urna et pharetra pharetra massa. Mattis nunc sed blandit libero volutpat. Amet consectetur adipiscing elit duis tristique sollicitudin nibh sit amet. Dictum at tempor commodo ullamcorper a lacus vestibulum sed arcu. Donec pretium vulputate sapien nec sagittis. Pellentesque habitant morbi tristique senectus et netus. Et molestie ac feugiat sed lectus vestibulum mattis ullamcorper. Neque gravida in fermentum et sollicitudin ac orci. Tincidunt eget nullam non nisi est. Mauris rhoncus aenean vel elit scelerisque mauris pellentesque pulvinar pellentesque. Arcu risus quis varius quam quisque. Malesuada fames ac turpis egestas integer eget aliquet. Tortor aliquam nulla facilisi cras fermentum odio eu.','null);','2023-04-21',8.2,'Binh',24);
INSERT INTO post (description,picture,post_date,rating,admin_name,restaurant_id) VALUES('Lorem ipsum dolor sit amet consectetur adipiscing elit sed do eiusmod tempor incididunt ut labore et dolore magna aliqua. Varius sit amet mattis vulputate enim nulla aliquet. In nibh mauris cursus mattis molestie a iaculis at erat. Enim ut sem viverra aliquet eget sit amet tellus cras. Orci sagittis eu volutpat odio. Urna et pharetra pharetra massa. Mattis nunc sed blandit libero volutpat. Amet consectetur adipiscing elit duis tristique sollicitudin nibh sit amet. Dictum at tempor commodo ullamcorper a lacus vestibulum sed arcu. Donec pretium vulputate sapien nec sagittis. Pellentesque habitant morbi tristique senectus et netus. Et molestie ac feugiat sed lectus vestibulum mattis ullamcorper. Neque gravida in fermentum et sollicitudin ac orci. Tincidunt eget nullam non nisi est. Mauris rhoncus aenean vel elit scelerisque mauris pellentesque pulvinar pellentesque. Arcu risus quis varius quam quisque. Malesuada fames ac turpis egestas integer eget aliquet. Tortor aliquam nulla facilisi cras fermentum odio eu.','null);','2023-04-21',7.5,'Binh',25);
INSERT INTO post (description,picture,post_date,rating,admin_name,restaurant_id) VALUES('Lorem ipsum dolor sit amet consectetur adipiscing elit sed do eiusmod tempor incididunt ut labore et dolore magna aliqua. Varius sit amet mattis vulputate enim nulla aliquet. In nibh mauris cursus mattis molestie a iaculis at erat. Enim ut sem viverra aliquet eget sit amet tellus cras. Orci sagittis eu volutpat odio. Urna et pharetra pharetra massa. Mattis nunc sed blandit libero volutpat. Amet consectetur adipiscing elit duis tristique sollicitudin nibh sit amet. Dictum at tempor commodo ullamcorper a lacus vestibulum sed arcu. Donec pretium vulputate sapien nec sagittis. Pellentesque habitant morbi tristique senectus et netus. Et molestie ac feugiat sed lectus vestibulum mattis ullamcorper. Neque gravida in fermentum et sollicitudin ac orci. Tincidunt eget nullam non nisi est. Mauris rhoncus aenean vel elit scelerisque mauris pellentesque pulvinar pellentesque. Arcu risus quis varius quam quisque. Malesuada fames ac turpis egestas integer eget aliquet. Tortor aliquam nulla facilisi cras fermentum odio eu.','null);','2023-04-21',8.0,'Binh',26);
INSERT INTO post (description,picture,post_date,rating,admin_name,restaurant_id) VALUES('Lorem ipsum dolor sit amet consectetur adipiscing elit sed do eiusmod tempor incididunt ut labore et dolore magna aliqua. Varius sit amet mattis vulputate enim nulla aliquet. In nibh mauris cursus mattis molestie a iaculis at erat. Enim ut sem viverra aliquet eget sit amet tellus cras. Orci sagittis eu volutpat odio. Urna et pharetra pharetra massa. Mattis nunc sed blandit libero volutpat. Amet consectetur adipiscing elit duis tristique sollicitudin nibh sit amet. Dictum at tempor commodo ullamcorper a lacus vestibulum sed arcu. Donec pretium vulputate sapien nec sagittis. Pellentesque habitant morbi tristique senectus et netus. Et molestie ac feugiat sed lectus vestibulum mattis ullamcorper. Neque gravida in fermentum et sollicitudin ac orci. Tincidunt eget nullam non nisi est. Mauris rhoncus aenean vel elit scelerisque mauris pellentesque pulvinar pellentesque. Arcu risus quis varius quam quisque. Malesuada fames ac turpis egestas integer eget aliquet. Tortor aliquam nulla facilisi cras fermentum odio eu.','null);','2023-04-21',9.0,'Binh',27);
INSERT INTO post (description,picture,post_date,rating,admin_name,restaurant_id) VALUES('Lorem ipsum dolor sit amet consectetur adipiscing elit sed do eiusmod tempor incididunt ut labore et dolore magna aliqua. Varius sit amet mattis vulputate enim nulla aliquet. In nibh mauris cursus mattis molestie a iaculis at erat. Enim ut sem viverra aliquet eget sit amet tellus cras. Orci sagittis eu volutpat odio. Urna et pharetra pharetra massa. Mattis nunc sed blandit libero volutpat. Amet consectetur adipiscing elit duis tristique sollicitudin nibh sit amet. Dictum at tempor commodo ullamcorper a lacus vestibulum sed arcu. Donec pretium vulputate sapien nec sagittis. Pellentesque habitant morbi tristique senectus et netus. Et molestie ac feugiat sed lectus vestibulum mattis ullamcorper. Neque gravida in fermentum et sollicitudin ac orci. Tincidunt eget nullam non nisi est. Mauris rhoncus aenean vel elit scelerisque mauris pellentesque pulvinar pellentesque. Arcu risus quis varius quam quisque. Malesuada fames ac turpis egestas integer eget aliquet. Tortor aliquam nulla facilisi cras fermentum odio eu.','null);','2023-04-21',8.2,'Binh',28);
INSERT INTO post (description,picture,post_date,rating,admin_name,restaurant_id) VALUES('Lorem ipsum dolor sit amet consectetur adipiscing elit sed do eiusmod tempor incididunt ut labore et dolore magna aliqua. Varius sit amet mattis vulputate enim nulla aliquet. In nibh mauris cursus mattis molestie a iaculis at erat. Enim ut sem viverra aliquet eget sit amet tellus cras. Orci sagittis eu volutpat odio. Urna et pharetra pharetra massa. Mattis nunc sed blandit libero volutpat. Amet consectetur adipiscing elit duis tristique sollicitudin nibh sit amet. Dictum at tempor commodo ullamcorper a lacus vestibulum sed arcu. Donec pretium vulputate sapien nec sagittis. Pellentesque habitant morbi tristique senectus et netus. Et molestie ac feugiat sed lectus vestibulum mattis ullamcorper. Neque gravida in fermentum et sollicitudin ac orci. Tincidunt eget nullam non nisi est. Mauris rhoncus aenean vel elit scelerisque mauris pellentesque pulvinar pellentesque. Arcu risus quis varius quam quisque. Malesuada fames ac turpis egestas integer eget aliquet. Tortor aliquam nulla facilisi cras fermentum odio eu.','null);','2023-04-21',8.0,'Binh',29);
INSERT INTO post (description,picture,post_date,rating,admin_name,restaurant_id) VALUES('Lorem ipsum dolor sit amet consectetur adipiscing elit sed do eiusmod tempor incididunt ut labore et dolore magna aliqua. Varius sit amet mattis vulputate enim nulla aliquet. In nibh mauris cursus mattis molestie a iaculis at erat. Enim ut sem viverra aliquet eget sit amet tellus cras. Orci sagittis eu volutpat odio. Urna et pharetra pharetra massa. Mattis nunc sed blandit libero volutpat. Amet consectetur adipiscing elit duis tristique sollicitudin nibh sit amet. Dictum at tempor commodo ullamcorper a lacus vestibulum sed arcu. Donec pretium vulputate sapien nec sagittis. Pellentesque habitant morbi tristique senectus et netus. Et molestie ac feugiat sed lectus vestibulum mattis ullamcorper. Neque gravida in fermentum et sollicitudin ac orci. Tincidunt eget nullam non nisi est. Mauris rhoncus aenean vel elit scelerisque mauris pellentesque pulvinar pellentesque. Arcu risus quis varius quam quisque. Malesuada fames ac turpis egestas integer eget aliquet. Tortor aliquam nulla facilisi cras fermentum odio eu.','null);','2023-04-21',7.8,'Binh',30);
INSERT INTO post (description,picture,post_date,rating,admin_name,restaurant_id) VALUES('Lorem ipsum dolor sit amet consectetur adipiscing elit sed do eiusmod tempor incididunt ut labore et dolore magna aliqua. Varius sit amet mattis vulputate enim nulla aliquet. In nibh mauris cursus mattis molestie a iaculis at erat. Enim ut sem viverra aliquet eget sit amet tellus cras. Orci sagittis eu volutpat odio. Urna et pharetra pharetra massa. Mattis nunc sed blandit libero volutpat. Amet consectetur adipiscing elit duis tristique sollicitudin nibh sit amet. Dictum at tempor commodo ullamcorper a lacus vestibulum sed arcu. Donec pretium vulputate sapien nec sagittis. Pellentesque habitant morbi tristique senectus et netus. Et molestie ac feugiat sed lectus vestibulum mattis ullamcorper. Neque gravida in fermentum et sollicitudin ac orci. Tincidunt eget nullam non nisi est. Mauris rhoncus aenean vel elit scelerisque mauris pellentesque pulvinar pellentesque. Arcu risus quis varius quam quisque. Malesuada fames ac turpis egestas integer eget aliquet. Tortor aliquam nulla facilisi cras fermentum odio eu.','null);','2023-04-21',7.0,'Binh',31);
INSERT INTO post (description,picture,post_date,rating,admin_name,restaurant_id) VALUES('Lorem ipsum dolor sit amet consectetur adipiscing elit sed do eiusmod tempor incididunt ut labore et dolore magna aliqua. Varius sit amet mattis vulputate enim nulla aliquet. In nibh mauris cursus mattis molestie a iaculis at erat. Enim ut sem viverra aliquet eget sit amet tellus cras. Orci sagittis eu volutpat odio. Urna et pharetra pharetra massa. Mattis nunc sed blandit libero volutpat. Amet consectetur adipiscing elit duis tristique sollicitudin nibh sit amet. Dictum at tempor commodo ullamcorper a lacus vestibulum sed arcu. Donec pretium vulputate sapien nec sagittis. Pellentesque habitant morbi tristique senectus et netus. Et molestie ac feugiat sed lectus vestibulum mattis ullamcorper. Neque gravida in fermentum et sollicitudin ac orci. Tincidunt eget nullam non nisi est. Mauris rhoncus aenean vel elit scelerisque mauris pellentesque pulvinar pellentesque. Arcu risus quis varius quam quisque. Malesuada fames ac turpis egestas integer eget aliquet. Tortor aliquam nulla facilisi cras fermentum odio eu.','null);','2023-04-21',7.0,'Binh',32);
INSERT INTO post (description,picture,post_date,rating,admin_name,restaurant_id) VALUES('Lorem ipsum dolor sit amet consectetur adipiscing elit sed do eiusmod tempor incididunt ut labore et dolore magna aliqua. Varius sit amet mattis vulputate enim nulla aliquet. In nibh mauris cursus mattis molestie a iaculis at erat. Enim ut sem viverra aliquet eget sit amet tellus cras. Orci sagittis eu volutpat odio. Urna et pharetra pharetra massa. Mattis nunc sed blandit libero volutpat. Amet consectetur adipiscing elit duis tristique sollicitudin nibh sit amet. Dictum at tempor commodo ullamcorper a lacus vestibulum sed arcu. Donec pretium vulputate sapien nec sagittis. Pellentesque habitant morbi tristique senectus et netus. Et molestie ac feugiat sed lectus vestibulum mattis ullamcorper. Neque gravida in fermentum et sollicitudin ac orci. Tincidunt eget nullam non nisi est. Mauris rhoncus aenean vel elit scelerisque mauris pellentesque pulvinar pellentesque. Arcu risus quis varius quam quisque. Malesuada fames ac turpis egestas integer eget aliquet. Tortor aliquam nulla facilisi cras fermentum odio eu.','null);','2023-04-21',8.2,'Binh',33);
INSERT INTO post (description,picture,post_date,rating,admin_name,restaurant_id) VALUES('Lorem ipsum dolor sit amet consectetur adipiscing elit sed do eiusmod tempor incididunt ut labore et dolore magna aliqua. Varius sit amet mattis vulputate enim nulla aliquet. In nibh mauris cursus mattis molestie a iaculis at erat. Enim ut sem viverra aliquet eget sit amet tellus cras. Orci sagittis eu volutpat odio. Urna et pharetra pharetra massa. Mattis nunc sed blandit libero volutpat. Amet consectetur adipiscing elit duis tristique sollicitudin nibh sit amet. Dictum at tempor commodo ullamcorper a lacus vestibulum sed arcu. Donec pretium vulputate sapien nec sagittis. Pellentesque habitant morbi tristique senectus et netus. Et molestie ac feugiat sed lectus vestibulum mattis ullamcorper. Neque gravida in fermentum et sollicitudin ac orci. Tincidunt eget nullam non nisi est. Mauris rhoncus aenean vel elit scelerisque mauris pellentesque pulvinar pellentesque. Arcu risus quis varius quam quisque. Malesuada fames ac turpis egestas integer eget aliquet. Tortor aliquam nulla facilisi cras fermentum odio eu.','null);','2023-04-21',7.5,'Binh',34);
INSERT INTO post (description,picture,post_date,rating,admin_name,restaurant_id) VALUES('Lorem ipsum dolor sit amet consectetur adipiscing elit sed do eiusmod tempor incididunt ut labore et dolore magna aliqua. Varius sit amet mattis vulputate enim nulla aliquet. In nibh mauris cursus mattis molestie a iaculis at erat. Enim ut sem viverra aliquet eget sit amet tellus cras. Orci sagittis eu volutpat odio. Urna et pharetra pharetra massa. Mattis nunc sed blandit libero volutpat. Amet consectetur adipiscing elit duis tristique sollicitudin nibh sit amet. Dictum at tempor commodo ullamcorper a lacus vestibulum sed arcu. Donec pretium vulputate sapien nec sagittis. Pellentesque habitant morbi tristique senectus et netus. Et molestie ac feugiat sed lectus vestibulum mattis ullamcorper. Neque gravida in fermentum et sollicitudin ac orci. Tincidunt eget nullam non nisi est. Mauris rhoncus aenean vel elit scelerisque mauris pellentesque pulvinar pellentesque. Arcu risus quis varius quam quisque. Malesuada fames ac turpis egestas integer eget aliquet. Tortor aliquam nulla facilisi cras fermentum odio eu.','null);','2023-04-21',8.8,'Binh',35);
INSERT INTO post (description,picture,post_date,rating,admin_name,restaurant_id) VALUES('Lorem ipsum dolor sit amet consectetur adipiscing elit sed do eiusmod tempor incididunt ut labore et dolore magna aliqua. Varius sit amet mattis vulputate enim nulla aliquet. In nibh mauris cursus mattis molestie a iaculis at erat. Enim ut sem viverra aliquet eget sit amet tellus cras. Orci sagittis eu volutpat odio. Urna et pharetra pharetra massa. Mattis nunc sed blandit libero volutpat. Amet consectetur adipiscing elit duis tristique sollicitudin nibh sit amet. Dictum at tempor commodo ullamcorper a lacus vestibulum sed arcu. Donec pretium vulputate sapien nec sagittis. Pellentesque habitant morbi tristique senectus et netus. Et molestie ac feugiat sed lectus vestibulum mattis ullamcorper. Neque gravida in fermentum et sollicitudin ac orci. Tincidunt eget nullam non nisi est. Mauris rhoncus aenean vel elit scelerisque mauris pellentesque pulvinar pellentesque. Arcu risus quis varius quam quisque. Malesuada fames ac turpis egestas integer eget aliquet. Tortor aliquam nulla facilisi cras fermentum odio eu.','null);','2023-04-21',7.5,'Binh',36);
INSERT INTO post (description,picture,post_date,rating,admin_name,restaurant_id) VALUES('Lorem ipsum dolor sit amet consectetur adipiscing elit sed do eiusmod tempor incididunt ut labore et dolore magna aliqua. Varius sit amet mattis vulputate enim nulla aliquet. In nibh mauris cursus mattis molestie a iaculis at erat. Enim ut sem viverra aliquet eget sit amet tellus cras. Orci sagittis eu volutpat odio. Urna et pharetra pharetra massa. Mattis nunc sed blandit libero volutpat. Amet consectetur adipiscing elit duis tristique sollicitudin nibh sit amet. Dictum at tempor commodo ullamcorper a lacus vestibulum sed arcu. Donec pretium vulputate sapien nec sagittis. Pellentesque habitant morbi tristique senectus et netus. Et molestie ac feugiat sed lectus vestibulum mattis ullamcorper. Neque gravida in fermentum et sollicitudin ac orci. Tincidunt eget nullam non nisi est. Mauris rhoncus aenean vel elit scelerisque mauris pellentesque pulvinar pellentesque. Arcu risus quis varius quam quisque. Malesuada fames ac turpis egestas integer eget aliquet. Tortor aliquam nulla facilisi cras fermentum odio eu.','null);','2023-04-21',8.2,'Binh',37);
INSERT INTO post (description,picture,post_date,rating,admin_name,restaurant_id) VALUES('Lorem ipsum dolor sit amet consectetur adipiscing elit sed do eiusmod tempor incididunt ut labore et dolore magna aliqua. Varius sit amet mattis vulputate enim nulla aliquet. In nibh mauris cursus mattis molestie a iaculis at erat. Enim ut sem viverra aliquet eget sit amet tellus cras. Orci sagittis eu volutpat odio. Urna et pharetra pharetra massa. Mattis nunc sed blandit libero volutpat. Amet consectetur adipiscing elit duis tristique sollicitudin nibh sit amet. Dictum at tempor commodo ullamcorper a lacus vestibulum sed arcu. Donec pretium vulputate sapien nec sagittis. Pellentesque habitant morbi tristique senectus et netus. Et molestie ac feugiat sed lectus vestibulum mattis ullamcorper. Neque gravida in fermentum et sollicitudin ac orci. Tincidunt eget nullam non nisi est. Mauris rhoncus aenean vel elit scelerisque mauris pellentesque pulvinar pellentesque. Arcu risus quis varius quam quisque. Malesuada fames ac turpis egestas integer eget aliquet. Tortor aliquam nulla facilisi cras fermentum odio eu.','null);','2023-04-21',8.6,'Binh',38);
INSERT INTO post (description,picture,post_date,rating,admin_name,restaurant_id) VALUES('Lorem ipsum dolor sit amet consectetur adipiscing elit sed do eiusmod tempor incididunt ut labore et dolore magna aliqua. Varius sit amet mattis vulputate enim nulla aliquet. In nibh mauris cursus mattis molestie a iaculis at erat. Enim ut sem viverra aliquet eget sit amet tellus cras. Orci sagittis eu volutpat odio. Urna et pharetra pharetra massa. Mattis nunc sed blandit libero volutpat. Amet consectetur adipiscing elit duis tristique sollicitudin nibh sit amet. Dictum at tempor commodo ullamcorper a lacus vestibulum sed arcu. Donec pretium vulputate sapien nec sagittis. Pellentesque habitant morbi tristique senectus et netus. Et molestie ac feugiat sed lectus vestibulum mattis ullamcorper. Neque gravida in fermentum et sollicitudin ac orci. Tincidunt eget nullam non nisi est. Mauris rhoncus aenean vel elit scelerisque mauris pellentesque pulvinar pellentesque. Arcu risus quis varius quam quisque. Malesuada fames ac turpis egestas integer eget aliquet. Tortor aliquam nulla facilisi cras fermentum odio eu.','null);','2023-04-21',7.8,'Binh',39);
INSERT INTO post (description,picture,post_date,rating,admin_name,restaurant_id) VALUES('Lorem ipsum dolor sit amet consectetur adipiscing elit sed do eiusmod tempor incididunt ut labore et dolore magna aliqua. Varius sit amet mattis vulputate enim nulla aliquet. In nibh mauris cursus mattis molestie a iaculis at erat. Enim ut sem viverra aliquet eget sit amet tellus cras. Orci sagittis eu volutpat odio. Urna et pharetra pharetra massa. Mattis nunc sed blandit libero volutpat. Amet consectetur adipiscing elit duis tristique sollicitudin nibh sit amet. Dictum at tempor commodo ullamcorper a lacus vestibulum sed arcu. Donec pretium vulputate sapien nec sagittis. Pellentesque habitant morbi tristique senectus et netus. Et molestie ac feugiat sed lectus vestibulum mattis ullamcorper. Neque gravida in fermentum et sollicitudin ac orci. Tincidunt eget nullam non nisi est. Mauris rhoncus aenean vel elit scelerisque mauris pellentesque pulvinar pellentesque. Arcu risus quis varius quam quisque. Malesuada fames ac turpis egestas integer eget aliquet. Tortor aliquam nulla facilisi cras fermentum odio eu.','null);','2023-04-21',7.8,'Binh',40);
INSERT INTO post (description,picture,post_date,rating,admin_name,restaurant_id) VALUES('Lorem ipsum dolor sit amet consectetur adipiscing elit sed do eiusmod tempor incididunt ut labore et dolore magna aliqua. Varius sit amet mattis vulputate enim nulla aliquet. In nibh mauris cursus mattis molestie a iaculis at erat. Enim ut sem viverra aliquet eget sit amet tellus cras. Orci sagittis eu volutpat odio. Urna et pharetra pharetra massa. Mattis nunc sed blandit libero volutpat. Amet consectetur adipiscing elit duis tristique sollicitudin nibh sit amet. Dictum at tempor commodo ullamcorper a lacus vestibulum sed arcu. Donec pretium vulputate sapien nec sagittis. Pellentesque habitant morbi tristique senectus et netus. Et molestie ac feugiat sed lectus vestibulum mattis ullamcorper. Neque gravida in fermentum et sollicitudin ac orci. Tincidunt eget nullam non nisi est. Mauris rhoncus aenean vel elit scelerisque mauris pellentesque pulvinar pellentesque. Arcu risus quis varius quam quisque. Malesuada fames ac turpis egestas integer eget aliquet. Tortor aliquam nulla facilisi cras fermentum odio eu.','null);','2023-04-21',8.6,'Binh',41);
INSERT INTO post (description,picture,post_date,rating,admin_name,restaurant_id) VALUES('Lorem ipsum dolor sit amet consectetur adipiscing elit sed do eiusmod tempor incididunt ut labore et dolore magna aliqua. Varius sit amet mattis vulputate enim nulla aliquet. In nibh mauris cursus mattis molestie a iaculis at erat. Enim ut sem viverra aliquet eget sit amet tellus cras. Orci sagittis eu volutpat odio. Urna et pharetra pharetra massa. Mattis nunc sed blandit libero volutpat. Amet consectetur adipiscing elit duis tristique sollicitudin nibh sit amet. Dictum at tempor commodo ullamcorper a lacus vestibulum sed arcu. Donec pretium vulputate sapien nec sagittis. Pellentesque habitant morbi tristique senectus et netus. Et molestie ac feugiat sed lectus vestibulum mattis ullamcorper. Neque gravida in fermentum et sollicitudin ac orci. Tincidunt eget nullam non nisi est. Mauris rhoncus aenean vel elit scelerisque mauris pellentesque pulvinar pellentesque. Arcu risus quis varius quam quisque. Malesuada fames ac turpis egestas integer eget aliquet. Tortor aliquam nulla facilisi cras fermentum odio eu.','null);','2023-04-21',8.6,'Binh',42);
INSERT INTO post (description,picture,post_date,rating,admin_name,restaurant_id) VALUES('Lorem ipsum dolor sit amet consectetur adipiscing elit sed do eiusmod tempor incididunt ut labore et dolore magna aliqua. Varius sit amet mattis vulputate enim nulla aliquet. In nibh mauris cursus mattis molestie a iaculis at erat. Enim ut sem viverra aliquet eget sit amet tellus cras. Orci sagittis eu volutpat odio. Urna et pharetra pharetra massa. Mattis nunc sed blandit libero volutpat. Amet consectetur adipiscing elit duis tristique sollicitudin nibh sit amet. Dictum at tempor commodo ullamcorper a lacus vestibulum sed arcu. Donec pretium vulputate sapien nec sagittis. Pellentesque habitant morbi tristique senectus et netus. Et molestie ac feugiat sed lectus vestibulum mattis ullamcorper. Neque gravida in fermentum et sollicitudin ac orci. Tincidunt eget nullam non nisi est. Mauris rhoncus aenean vel elit scelerisque mauris pellentesque pulvinar pellentesque. Arcu risus quis varius quam quisque. Malesuada fames ac turpis egestas integer eget aliquet. Tortor aliquam nulla facilisi cras fermentum odio eu.','null);','2023-04-21',8.4,'Binh',43);
INSERT INTO post (description,picture,post_date,rating,admin_name,restaurant_id) VALUES('Lorem ipsum dolor sit amet consectetur adipiscing elit sed do eiusmod tempor incididunt ut labore et dolore magna aliqua. Varius sit amet mattis vulputate enim nulla aliquet. In nibh mauris cursus mattis molestie a iaculis at erat. Enim ut sem viverra aliquet eget sit amet tellus cras. Orci sagittis eu volutpat odio. Urna et pharetra pharetra massa. Mattis nunc sed blandit libero volutpat. Amet consectetur adipiscing elit duis tristique sollicitudin nibh sit amet. Dictum at tempor commodo ullamcorper a lacus vestibulum sed arcu. Donec pretium vulputate sapien nec sagittis. Pellentesque habitant morbi tristique senectus et netus. Et molestie ac feugiat sed lectus vestibulum mattis ullamcorper. Neque gravida in fermentum et sollicitudin ac orci. Tincidunt eget nullam non nisi est. Mauris rhoncus aenean vel elit scelerisque mauris pellentesque pulvinar pellentesque. Arcu risus quis varius quam quisque. Malesuada fames ac turpis egestas integer eget aliquet. Tortor aliquam nulla facilisi cras fermentum odio eu.','null);','2023-04-21',8.0,'Binh',44);
INSERT INTO post (description,picture,post_date,rating,admin_name,restaurant_id) VALUES('Lorem ipsum dolor sit amet consectetur adipiscing elit sed do eiusmod tempor incididunt ut labore et dolore magna aliqua. Varius sit amet mattis vulputate enim nulla aliquet. In nibh mauris cursus mattis molestie a iaculis at erat. Enim ut sem viverra aliquet eget sit amet tellus cras. Orci sagittis eu volutpat odio. Urna et pharetra pharetra massa. Mattis nunc sed blandit libero volutpat. Amet consectetur adipiscing elit duis tristique sollicitudin nibh sit amet. Dictum at tempor commodo ullamcorper a lacus vestibulum sed arcu. Donec pretium vulputate sapien nec sagittis. Pellentesque habitant morbi tristique senectus et netus. Et molestie ac feugiat sed lectus vestibulum mattis ullamcorper. Neque gravida in fermentum et sollicitudin ac orci. Tincidunt eget nullam non nisi est. Mauris rhoncus aenean vel elit scelerisque mauris pellentesque pulvinar pellentesque. Arcu risus quis varius quam quisque. Malesuada fames ac turpis egestas integer eget aliquet. Tortor aliquam nulla facilisi cras fermentum odio eu.','null);','2023-04-21',9.5,'Binh',45);
INSERT INTO post (description,picture,post_date,rating,admin_name,restaurant_id) VALUES('Lorem ipsum dolor sit amet consectetur adipiscing elit sed do eiusmod tempor incididunt ut labore et dolore magna aliqua. Varius sit amet mattis vulputate enim nulla aliquet. In nibh mauris cursus mattis molestie a iaculis at erat. Enim ut sem viverra aliquet eget sit amet tellus cras. Orci sagittis eu volutpat odio. Urna et pharetra pharetra massa. Mattis nunc sed blandit libero volutpat. Amet consectetur adipiscing elit duis tristique sollicitudin nibh sit amet. Dictum at tempor commodo ullamcorper a lacus vestibulum sed arcu. Donec pretium vulputate sapien nec sagittis. Pellentesque habitant morbi tristique senectus et netus. Et molestie ac feugiat sed lectus vestibulum mattis ullamcorper. Neque gravida in fermentum et sollicitudin ac orci. Tincidunt eget nullam non nisi est. Mauris rhoncus aenean vel elit scelerisque mauris pellentesque pulvinar pellentesque. Arcu risus quis varius quam quisque. Malesuada fames ac turpis egestas integer eget aliquet. Tortor aliquam nulla facilisi cras fermentum odio eu.','null);','2023-04-21',8.0,'Binh',46);
INSERT INTO post (description,picture,post_date,rating,admin_name,restaurant_id) VALUES('Lorem ipsum dolor sit amet consectetur adipiscing elit sed do eiusmod tempor incididunt ut labore et dolore magna aliqua. Varius sit amet mattis vulputate enim nulla aliquet. In nibh mauris cursus mattis molestie a iaculis at erat. Enim ut sem viverra aliquet eget sit amet tellus cras. Orci sagittis eu volutpat odio. Urna et pharetra pharetra massa. Mattis nunc sed blandit libero volutpat. Amet consectetur adipiscing elit duis tristique sollicitudin nibh sit amet. Dictum at tempor commodo ullamcorper a lacus vestibulum sed arcu. Donec pretium vulputate sapien nec sagittis. Pellentesque habitant morbi tristique senectus et netus. Et molestie ac feugiat sed lectus vestibulum mattis ullamcorper. Neque gravida in fermentum et sollicitudin ac orci. Tincidunt eget nullam non nisi est. Mauris rhoncus aenean vel elit scelerisque mauris pellentesque pulvinar pellentesque. Arcu risus quis varius quam quisque. Malesuada fames ac turpis egestas integer eget aliquet. Tortor aliquam nulla facilisi cras fermentum odio eu.','null);','2023-04-21',8.0,'Binh',47);
INSERT INTO post (description,picture,post_date,rating,admin_name,restaurant_id) VALUES('Lorem ipsum dolor sit amet consectetur adipiscing elit sed do eiusmod tempor incididunt ut labore et dolore magna aliqua. Varius sit amet mattis vulputate enim nulla aliquet. In nibh mauris cursus mattis molestie a iaculis at erat. Enim ut sem viverra aliquet eget sit amet tellus cras. Orci sagittis eu volutpat odio. Urna et pharetra pharetra massa. Mattis nunc sed blandit libero volutpat. Amet consectetur adipiscing elit duis tristique sollicitudin nibh sit amet. Dictum at tempor commodo ullamcorper a lacus vestibulum sed arcu. Donec pretium vulputate sapien nec sagittis. Pellentesque habitant morbi tristique senectus et netus. Et molestie ac feugiat sed lectus vestibulum mattis ullamcorper. Neque gravida in fermentum et sollicitudin ac orci. Tincidunt eget nullam non nisi est. Mauris rhoncus aenean vel elit scelerisque mauris pellentesque pulvinar pellentesque. Arcu risus quis varius quam quisque. Malesuada fames ac turpis egestas integer eget aliquet. Tortor aliquam nulla facilisi cras fermentum odio eu.','null);','2023-04-21',7.5,'Binh',48);
INSERT INTO post (description,picture,post_date,rating,admin_name,restaurant_id) VALUES('Quán phục vụ món mì Đài Loan tuy rất đơn giản nhưng lại có một mùi hương thu hút rất nhiều thực khách. Một tô mì của quán chỉ có 3 topping: bò nạm bò viên và cải thìa. Tuy ít nhưng bù lại A Mao rất tập trung vào mùi vị và trải nghiệm khi ăn của thực khách. Vì đây là mì bò bạn kỳ vọng rằng nước súp sẽ rất thơm đậm đà. Và A Mao đáp ứng đúng những gì bạn kỳ vọng.       Tô mì được bưng ra một mùi hương bay thẳng vào mũi bạn một mùi hương của nồi nước lèo được nấu rất kỹ. Húp 1 muỗng súp mùi hương đó càng thơm hơn đi kèm với đó là mùi vị rất đậm đà Quán sử dụng sợi mì to rất phù hợp với nước súp của quán. Miếng bò của quán rất to và đặc biệt hơn là quán sử dụng phần thịt bắp. Miếng thịt có mỡ xen giữa được ninh nhừ đến một mức vừa đủ. Mỗi lần nhai bạn lại thấy được mùi thơm vị ngọt của thịt. Cứ như thế cho đến khi vô thức nuốt đi miếng thịt bạn lại tiếp tục cắn một miếng khác và lại bắt đầu. Điểm nhấn của quán chính là bò viên. Không phải là bò viên thông thường ăn có cảm giác bột như bạn thường thấy bò viên ở A Mao là bò viên nhân. Một viên bò viên được nhân với thịt heo bằm trộn chung với hành và được ướp với nước sốt riêng của quán. Cắn một cái mùi vị của bò viên hòa quyện với thịt băm tạo ra một hương vị rất riêng và độc nhất và thoang thoảng đâu đó là mùi thơm của nước ướp thịt và mùi thơm của hành.','null)','2023-04-21',9.5,'Binh',49);





-----INSERT DATA INTO POST_COMMENT-----
INSERT INTO post_comment (user_account_id,post_id,post_comment_comment,post_comment_date) VALUES (1,1,'Lorem ipsum dolor sit amet, consectetur adipiscing elit, sed do eiusmod tempor incididunt ut labore et dolore magna aliqua. Tortor dignissim convallis aenean et.','2023-02-27');
INSERT INTO post_comment (user_account_id,post_id,post_comment_comment,post_comment_date) VALUES (2,2,'Lorem ipsum dolor sit amet, consectetur adipiscing elit, sed do eiusmod tempor incididunt ut labore et dolore magna aliqua. Tortor dignissim convallis aenean et.','2023-03-01');
INSERT INTO post_comment (user_account_id,post_id,post_comment_comment,post_comment_date) VALUES (3,3,'Lorem ipsum dolor sit amet, consectetur adipiscing elit, sed do eiusmod tempor incididunt ut labore et dolore magna aliqua. Tortor dignissim convallis aenean et.','2023-03-06');
INSERT INTO post_comment (user_account_id,post_id,post_comment_comment,post_comment_date) VALUES (4,4,'Lorem ipsum dolor sit amet, consectetur adipiscing elit, sed do eiusmod tempor incididunt ut labore et dolore magna aliqua. Tortor dignissim convallis aenean et.','2023-03-09');
INSERT INTO post_comment (user_account_id,post_id,post_comment_comment,post_comment_date) VALUES (5,5,'Lorem ipsum dolor sit amet, consectetur adipiscing elit, sed do eiusmod tempor incididunt ut labore et dolore magna aliqua. Tortor dignissim convallis aenean et.','2023-03-11');
INSERT INTO post_comment (user_account_id,post_id,post_comment_comment,post_comment_date) VALUES (6,6,'Lorem ipsum dolor sit amet, consectetur adipiscing elit, sed do eiusmod tempor incididunt ut labore et dolore magna aliqua. Tortor dignissim convallis aenean et.','2023-03-13');
INSERT INTO post_comment (user_account_id,post_id,post_comment_comment,post_comment_date) VALUES (7,7,'Lorem ipsum dolor sit amet, consectetur adipiscing elit, sed do eiusmod tempor incididunt ut labore et dolore magna aliqua. Tortor dignissim convallis aenean et.','2023-03-19');
INSERT INTO post_comment (user_account_id,post_id,post_comment_comment,post_comment_date) VALUES (8,8,'Lorem ipsum dolor sit amet, consectetur adipiscing elit, sed do eiusmod tempor incididunt ut labore et dolore magna aliqua. Tortor dignissim convallis aenean et.','2023-03-20');
INSERT INTO post_comment (user_account_id,post_id,post_comment_comment,post_comment_date) VALUES (9,9,'Lorem ipsum dolor sit amet, consectetur adipiscing elit, sed do eiusmod tempor incididunt ut labore et dolore magna aliqua. Tortor dignissim convallis aenean et.','2023-03-21');
INSERT INTO post_comment (user_account_id,post_id,post_comment_comment,post_comment_date) VALUES (10,10,'Lorem ipsum dolor sit amet, consectetur adipiscing elit, sed do eiusmod tempor incididunt ut labore et dolore magna aliqua. Tortor dignissim convallis aenean et.','2023-03-24');
INSERT INTO post_comment (user_account_id,post_id,post_comment_comment,post_comment_date) VALUES (11,11,'Lorem ipsum dolor sit amet, consectetur adipiscing elit, sed do eiusmod tempor incididunt ut labore et dolore magna aliqua. Tortor dignissim convallis aenean et.','2023-03-28');
INSERT INTO post_comment (user_account_id,post_id,post_comment_comment,post_comment_date) VALUES (12,12,'Lorem ipsum dolor sit amet, consectetur adipiscing elit, sed do eiusmod tempor incididunt ut labore et dolore magna aliqua. Tortor dignissim convallis aenean et.','2023-04-01');
INSERT INTO post_comment (user_account_id,post_id,post_comment_comment,post_comment_date) VALUES (13,13,'Lorem ipsum dolor sit amet, consectetur adipiscing elit, sed do eiusmod tempor incididunt ut labore et dolore magna aliqua. Tortor dignissim convallis aenean et.','2023-04-05');
INSERT INTO post_comment (user_account_id,post_id,post_comment_comment,post_comment_date) VALUES (14,14,'Lorem ipsum dolor sit amet, consectetur adipiscing elit, sed do eiusmod tempor incididunt ut labore et dolore magna aliqua. Tortor dignissim convallis aenean et.','2023-04-06');
INSERT INTO post_comment (user_account_id,post_id,post_comment_comment,post_comment_date) VALUES (15,15,'Lorem ipsum dolor sit amet, consectetur adipiscing elit, sed do eiusmod tempor incididunt ut labore et dolore magna aliqua. Tortor dignissim convallis aenean et.','2023-04-09');
INSERT INTO post_comment (user_account_id,post_id,post_comment_comment,post_comment_date) VALUES (16,16,'Lorem ipsum dolor sit amet, consectetur adipiscing elit, sed do eiusmod tempor incididunt ut labore et dolore magna aliqua. Tortor dignissim convallis aenean et.','2023-04-12');
INSERT INTO post_comment (user_account_id,post_id,post_comment_comment,post_comment_date) VALUES (17,17,'Lorem ipsum dolor sit amet, consectetur adipiscing elit, sed do eiusmod tempor incididunt ut labore et dolore magna aliqua. Tortor dignissim convallis aenean et.','2023-04-14');
INSERT INTO post_comment (user_account_id,post_id,post_comment_comment,post_comment_date) VALUES (18,18,'Lorem ipsum dolor sit amet, consectetur adipiscing elit, sed do eiusmod tempor incididunt ut labore et dolore magna aliqua. Tortor dignissim convallis aenean et.','2023-04-15');
INSERT INTO post_comment (user_account_id,post_id,post_comment_comment,post_comment_date) VALUES (19,19,'Lorem ipsum dolor sit amet, consectetur adipiscing elit, sed do eiusmod tempor incididunt ut labore et dolore magna aliqua. Tortor dignissim convallis aenean et.','2023-04-17');
INSERT INTO post_comment (user_account_id,post_id,post_comment_comment,post_comment_date) VALUES (20,20,'Lorem ipsum dolor sit amet, consectetur adipiscing elit, sed do eiusmod tempor incididunt ut labore et dolore magna aliqua. Tortor dignissim convallis aenean et.','2023-04-18');
INSERT INTO post_comment (user_account_id,post_id,post_comment_comment,post_comment_date) VALUES (21,21,'Lorem ipsum dolor sit amet, consectetur adipiscing elit, sed do eiusmod tempor incididunt ut labore et dolore magna aliqua. Tortor dignissim convallis aenean et.','2023-04-21');
INSERT INTO post_comment (user_account_id,post_id,post_comment_comment,post_comment_date) VALUES (22,22,'Lorem ipsum dolor sit amet, consectetur adipiscing elit, sed do eiusmod tempor incididunt ut labore et dolore magna aliqua. Tortor dignissim convallis aenean et.','2023-04-22');
INSERT INTO post_comment (user_account_id,post_id,post_comment_comment,post_comment_date) VALUES (23,23,'Lorem ipsum dolor sit amet, consectetur adipiscing elit, sed do eiusmod tempor incididunt ut labore et dolore magna aliqua. Tortor dignissim convallis aenean et.','2023-04-23');
INSERT INTO post_comment (user_account_id,post_id,post_comment_comment,post_comment_date) VALUES (24,24,'Lorem ipsum dolor sit amet, consectetur adipiscing elit, sed do eiusmod tempor incididunt ut labore et dolore magna aliqua. Tortor dignissim convallis aenean et.','2023-04-24');
INSERT INTO post_comment (user_account_id,post_id,post_comment_comment,post_comment_date) VALUES (25,25,'Lorem ipsum dolor sit amet, consectetur adipiscing elit, sed do eiusmod tempor incididunt ut labore et dolore magna aliqua. Tortor dignissim convallis aenean et.','2023-04-25');
INSERT INTO post_comment (user_account_id,post_id,post_comment_comment,post_comment_date) VALUES (1,26,'Lorem ipsum dolor sit amet, consectetur adipiscing elit, sed do eiusmod tempor incididunt ut labore et dolore magna aliqua. Tortor dignissim convallis aenean et.','2023-02-24');
INSERT INTO post_comment (user_account_id,post_id,post_comment_comment,post_comment_date) VALUES (2,27,'Lorem ipsum dolor sit amet, consectetur adipiscing elit, sed do eiusmod tempor incididunt ut labore et dolore magna aliqua. Tortor dignissim convallis aenean et.','2023-02-26');
INSERT INTO post_comment (user_account_id,post_id,post_comment_comment,post_comment_date) VALUES (3,28,'Lorem ipsum dolor sit amet, consectetur adipiscing elit, sed do eiusmod tempor incididunt ut labore et dolore magna aliqua. Tortor dignissim convallis aenean et.','2023-03-01');
INSERT INTO post_comment (user_account_id,post_id,post_comment_comment,post_comment_date) VALUES (4,29,'Lorem ipsum dolor sit amet, consectetur adipiscing elit, sed do eiusmod tempor incididunt ut labore et dolore magna aliqua. Tortor dignissim convallis aenean et.','2023-03-02');
INSERT INTO post_comment (user_account_id,post_id,post_comment_comment,post_comment_date) VALUES (5,30,'Lorem ipsum dolor sit amet, consectetur adipiscing elit, sed do eiusmod tempor incididunt ut labore et dolore magna aliqua. Tortor dignissim convallis aenean et.','2023-03-04');
INSERT INTO post_comment (user_account_id,post_id,post_comment_comment,post_comment_date) VALUES (6,31,'Lorem ipsum dolor sit amet, consectetur adipiscing elit, sed do eiusmod tempor incididunt ut labore et dolore magna aliqua. Tortor dignissim convallis aenean et.','2023-03-07');
INSERT INTO post_comment (user_account_id,post_id,post_comment_comment,post_comment_date) VALUES (7,32,'Lorem ipsum dolor sit amet, consectetur adipiscing elit, sed do eiusmod tempor incididunt ut labore et dolore magna aliqua. Tortor dignissim convallis aenean et.','2023-03-12');
INSERT INTO post_comment (user_account_id,post_id,post_comment_comment,post_comment_date) VALUES (8,33,'Lorem ipsum dolor sit amet, consectetur adipiscing elit, sed do eiusmod tempor incididunt ut labore et dolore magna aliqua. Tortor dignissim convallis aenean et.','2023-03-15');
INSERT INTO post_comment (user_account_id,post_id,post_comment_comment,post_comment_date) VALUES (9,34,'Lorem ipsum dolor sit amet, consectetur adipiscing elit, sed do eiusmod tempor incididunt ut labore et dolore magna aliqua. Tortor dignissim convallis aenean et.','2023-03-17');
INSERT INTO post_comment (user_account_id,post_id,post_comment_comment,post_comment_date) VALUES (10,35,'Lorem ipsum dolor sit amet, consectetur adipiscing elit, sed do eiusmod tempor incididunt ut labore et dolore magna aliqua. Tortor dignissim convallis aenean et.','2023-03-22');
INSERT INTO post_comment (user_account_id,post_id,post_comment_comment,post_comment_date) VALUES (11,36,'Lorem ipsum dolor sit amet, consectetur adipiscing elit, sed do eiusmod tempor incididunt ut labore et dolore magna aliqua. Tortor dignissim convallis aenean et.','2023-03-23');
INSERT INTO post_comment (user_account_id,post_id,post_comment_comment,post_comment_date) VALUES (12,37,'Lorem ipsum dolor sit amet, consectetur adipiscing elit, sed do eiusmod tempor incididunt ut labore et dolore magna aliqua. Tortor dignissim convallis aenean et.','2023-04-01');
INSERT INTO post_comment (user_account_id,post_id,post_comment_comment,post_comment_date) VALUES (13,38,'Lorem ipsum dolor sit amet, consectetur adipiscing elit, sed do eiusmod tempor incididunt ut labore et dolore magna aliqua. Tortor dignissim convallis aenean et.','2023-04-02');
INSERT INTO post_comment (user_account_id,post_id,post_comment_comment,post_comment_date) VALUES (14,39,'Lorem ipsum dolor sit amet, consectetur adipiscing elit, sed do eiusmod tempor incididunt ut labore et dolore magna aliqua. Tortor dignissim convallis aenean et.','2023-04-04');
INSERT INTO post_comment (user_account_id,post_id,post_comment_comment,post_comment_date) VALUES (15,40,'Lorem ipsum dolor sit amet, consectetur adipiscing elit, sed do eiusmod tempor incididunt ut labore et dolore magna aliqua. Tortor dignissim convallis aenean et.','2023-04-05');
INSERT INTO post_comment (user_account_id,post_id,post_comment_comment,post_comment_date) VALUES (16,41,'Lorem ipsum dolor sit amet, consectetur adipiscing elit, sed do eiusmod tempor incididunt ut labore et dolore magna aliqua. Tortor dignissim convallis aenean et.','2023-04-06');
INSERT INTO post_comment (user_account_id,post_id,post_comment_comment,post_comment_date) VALUES (17,42,'Lorem ipsum dolor sit amet, consectetur adipiscing elit, sed do eiusmod tempor incididunt ut labore et dolore magna aliqua. Tortor dignissim convallis aenean et.','2023-04-10');
INSERT INTO post_comment (user_account_id,post_id,post_comment_comment,post_comment_date) VALUES (18,43,'Lorem ipsum dolor sit amet, consectetur adipiscing elit, sed do eiusmod tempor incididunt ut labore et dolore magna aliqua. Tortor dignissim convallis aenean et.','2023-04-15');
INSERT INTO post_comment (user_account_id,post_id,post_comment_comment,post_comment_date) VALUES (19,44,'Lorem ipsum dolor sit amet, consectetur adipiscing elit, sed do eiusmod tempor incididunt ut labore et dolore magna aliqua. Tortor dignissim convallis aenean et.','2023-04-16');
INSERT INTO post_comment (user_account_id,post_id,post_comment_comment,post_comment_date) VALUES (20,45,'Lorem ipsum dolor sit amet, consectetur adipiscing elit, sed do eiusmod tempor incididunt ut labore et dolore magna aliqua. Tortor dignissim convallis aenean et.','2023-04-17');
INSERT INTO post_comment (user_account_id,post_id,post_comment_comment,post_comment_date) VALUES (21,46,'Lorem ipsum dolor sit amet, consectetur adipiscing elit, sed do eiusmod tempor incididunt ut labore et dolore magna aliqua. Tortor dignissim convallis aenean et.','2023-04-19');
INSERT INTO post_comment (user_account_id,post_id,post_comment_comment,post_comment_date) VALUES (22,47,'Lorem ipsum dolor sit amet, consectetur adipiscing elit, sed do eiusmod tempor incididunt ut labore et dolore magna aliqua. Tortor dignissim convallis aenean et.','2023-04-21');
INSERT INTO post_comment (user_account_id,post_id,post_comment_comment,post_comment_date) VALUES (23,48,'Lorem ipsum dolor sit amet, consectetur adipiscing elit, sed do eiusmod tempor incididunt ut labore et dolore magna aliqua. Tortor dignissim convallis aenean et.','2023-04-23');
INSERT INTO post_comment (user_account_id,post_id,post_comment_comment,post_comment_date) VALUES(24,49,'Lorem ipsum dolor sit amet, consectetur adipiscing elit, sed do eiusmod tempor incididunt ut labore et dolore magna aliqua. Tortor dignissim convallis aenean et.','2023-04-24');
INSERT INTO post_comment (user_account_id,post_id,post_comment_comment,post_comment_date) VALUES (25,1,'Lorem ipsum dolor sit amet, consectetur adipiscing elit, sed do eiusmod tempor incididunt ut labore et dolore magna aliqua. Tortor dignissim convallis aenean et.','2023-04-28');
